﻿<?xml version="1.0" encoding="utf-8"?>
<!--DO NOT EDIT. This document is generated by PSoC Creator design builds.-->
<PSoCCreatorIdeExport Version="1">
  <Device Part="CY8C4248LQQ-BL583" Processor="CortexM0" DeviceID="1A1711AA" />
  <Toolchains>
    <Toolchain Name="ARM GCC Generic" Selected="True">
      <Tool Name="prebuild" Command="" Options="" />
      <Tool Name="assembler" Command="arm-none-eabi-as.exe" Options="-mcpu=cortex-m0 -mthumb -I. -IGenerated_Source\PSoC4 -alh=${OutputDir}/${CompileFile}.lst -g -W" />
      <Tool Name="compiler" Command="arm-none-eabi-gcc.exe" Options="-mcpu=cortex-m0 -mthumb -I. -IGenerated_Source\PSoC4 -Wa,-alh=${OutputDir}/${CompileFile}.lst -g -D DEBUG -Wall -ffunction-sections -ffat-lto-objects -O0" />
      <Tool Name="linker" Command="arm-none-eabi-gcc.exe" Options="-mcpu=cortex-m0 -mthumb -L Generated_Source\PSoC4 -Wl,-Map,${OutputDir}/${ProjectShortName}.map -T Generated_Source\PSoC4\cm0gcc.ld -specs=nano.specs -Wl,--gc-sections -g -ffunction-sections -O0 -ffat-lto-objects" />
      <Tool Name="postbuild" Command="" Options="" />
    </Toolchain>
    <Toolchain Name="ARM MDK Generic" Selected="False">
      <Tool Name="prebuild" Command="" Options="" />
      <Tool Name="assembler" Command="armasm.exe" Options="--cpu=Cortex-M0 --diag_style=gnu --thumb -i. -iGenerated_Source\PSoC4 -g --list=${OutputDir}/${CompileFile}.lst &quot;--predefine=__MICROLIB SETA 1&quot;" />
      <Tool Name="compiler" Command="armcc.exe" Options="--cpu=Cortex-M0 --C99 --diag_style=gnu -I. -IGenerated_Source\PSoC4 --list --signed_chars -g -D DEBUG -O0 --split_sections -D__MICROLIB" />
      <Tool Name="linker" Command="armlink.exe" Options="--cpu=Cortex-M0 --diag_style=gnu --no_startup --library_type=microlib --map --list ${OutputDir}/${ProjectShortName}.map --scatter Generated_Source\PSoC4\Cm0RealView.scat" />
      <Tool Name="postbuild" Command="" Options="" />
    </Toolchain>
    <Toolchain Name="ARM IAR Generic" Selected="False">
      <Tool Name="prebuild" Command="" Options="" />
      <Tool Name="assembler" Command="iasmarm.exe" Options="--cpu Cortex-M0 -I. -IGenerated_Source\PSoC4 -s+ -M&lt;&gt; -w+ -r -DDEBUG --fpu None" />
      <Tool Name="compiler" Command="iccarm.exe" Options="--cpu Cortex-M0 -I. -IGenerated_Source\PSoC4 -D DEBUG -D CY_CORE_ID=0 -I. -IGenerated_Source\PSoC4 -D DEBUG --no_cse --no_unroll --no_inline --no_code_motion --no_tbaa --no_clustering --no_scheduling --debug --endian=little -e --fpu=None -On --no_wrap_diagnostics" />
      <Tool Name="linker" Command="ilinkarm.exe" Options="--semihosting --entry __iar_program_start --vfe --config Generated_Source\PSoC4\Cm0Iar.icf" />
      <Tool Name="postbuild" Command="" Options="" />
    </Toolchain>
  </Toolchains>
  <Project Name="BLE Lab 3" Path="C:\Users\Jacob\Documents\Junior\EGR 304\EGR304\heartrateMonitor\BLE Lab 3.cydsn" Version="5.60" Type="Normal">
    <CMSIS_SVD_File>BLE Lab 3.svd</CMSIS_SVD_File>
    <Datasheet />
    <LinkerFiles>
      <LinkerFile Toolchain="ARM GCC Generic">.\Generated_Source\PSoC4\cm0gcc.ld</LinkerFile>
      <LinkerFile Toolchain="ARM MDK Generic">.\Generated_Source\PSoC4\Cm0RealView.scat</LinkerFile>
      <LinkerFile Toolchain="ARM IAR Generic">.\Generated_Source\PSoC4\Cm0Iar.icf</LinkerFile>
    </LinkerFiles>
    <Folders>
      <Folder BuildType="STRICT" Path="C:\Users\Jacob\Documents\Junior\EGR 304\EGR304\heartrateMonitor\BLE Lab 3.cydsn">
        <Files Root="C:\Users\Jacob\Documents\Junior\EGR 304\EGR304\heartrateMonitor\BLE Lab 3.cydsn">
          <File BuildType="BUILD" Toolchain="">main.c</File>
          <File BuildType="BUILD" Toolchain="">HeartRateProcessing.c</File>
          <File BuildType="BUILD" Toolchain="">BleProcessing.c</File>
          <File BuildType="BUILD" Toolchain="">WatchdogTimer.c</File>
          <File BuildType="BUILD" Toolchain="">HeartRateProcessing.h</File>
          <File BuildType="BUILD" Toolchain="">BleProcessing.h</File>
          <File BuildType="BUILD" Toolchain="">WatchdogTimer.h</File>
          <File BuildType="BUILD" Toolchain="">main.h</File>
        </Files>
      </Folder>
      <Folder BuildType="STRICT" Path="C:\Users\Jacob\Documents\Junior\EGR 304\EGR304\heartrateMonitor\BLE Lab 3.cydsn\Generated_Source\PSoC4">
        <Files Root="C:\Users\Jacob\Documents\Junior\EGR 304\EGR304\heartrateMonitor\BLE Lab 3.cydsn">
          <File BuildType="BUILD" Toolchain="">Generated_Source\PSoC4\cyfitter_cfg.h</File>
          <File BuildType="BUILD" Toolchain="">Generated_Source\PSoC4\cyfitter_cfg.c</File>
          <File BuildType="BUILD" Toolchain="">Generated_Source\PSoC4\cymetadata.c</File>
          <File BuildType="BUILD" Toolchain="">Generated_Source\PSoC4\cydevice_trm.h</File>
          <File BuildType="BUILD" Toolchain="">Generated_Source\PSoC4\cydevicegnu_trm.inc</File>
          <File BuildType="BUILD" Toolchain="">Generated_Source\PSoC4\cydevicerv_trm.inc</File>
          <File BuildType="BUILD" Toolchain="">Generated_Source\PSoC4\cydeviceiar_trm.inc</File>
          <File BuildType="BUILD" Toolchain="">Generated_Source\PSoC4\cyfittergnu.inc</File>
          <File BuildType="BUILD" Toolchain="">Generated_Source\PSoC4\cyfitterrv.inc</File>
          <File BuildType="BUILD" Toolchain="">Generated_Source\PSoC4\cyfitteriar.inc</File>
          <File BuildType="BUILD" Toolchain="">Generated_Source\PSoC4\cyfitter.h</File>
          <File BuildType="BUILD" Toolchain="">Generated_Source\PSoC4\cydisabledsheets.h</File>
          <File BuildType="BUILD" Toolchain="">Generated_Source\PSoC4\Heart_Rate_input.c</File>
          <File BuildType="BUILD" Toolchain="">Generated_Source\PSoC4\Heart_Rate_input.h</File>
          <File BuildType="BUILD" Toolchain="">Generated_Source\PSoC4\Heart_Rate_input_aliases.h</File>
          <File BuildType="BUILD" Toolchain="">Generated_Source\PSoC4\Heart_Rate_input_PM.c</File>
          <File BuildType="BUILD" Toolchain="">Generated_Source\PSoC4\SW2_Switch.c</File>
          <File BuildType="BUILD" Toolchain="">Generated_Source\PSoC4\SW2_Switch.h</File>
          <File BuildType="BUILD" Toolchain="">Generated_Source\PSoC4\SW2_Switch_aliases.h</File>
          <File BuildType="BUILD" Toolchain="">Generated_Source\PSoC4\SW2_Switch_PM.c</File>
          <File BuildType="BUILD" Toolchain="">Generated_Source\PSoC4\Button_output.c</File>
          <File BuildType="BUILD" Toolchain="">Generated_Source\PSoC4\Button_output.h</File>
          <File BuildType="BUILD" Toolchain="">Generated_Source\PSoC4\Button_output_aliases.h</File>
          <File BuildType="BUILD" Toolchain="">Generated_Source\PSoC4\Button_output_PM.c</File>
          <File BuildType="BUILD" Toolchain="">Generated_Source\PSoC4\Wakeup_ISR.c</File>
          <File BuildType="BUILD" Toolchain="">Generated_Source\PSoC4\Wakeup_ISR.h</File>
          <File BuildType="BUILD" Toolchain="">Generated_Source\PSoC4\Led_Advertising_Green.c</File>
          <File BuildType="BUILD" Toolchain="">Generated_Source\PSoC4\Led_Advertising_Green.h</File>
          <File BuildType="BUILD" Toolchain="">Generated_Source\PSoC4\Led_Advertising_Green_aliases.h</File>
          <File BuildType="BUILD" Toolchain="">Generated_Source\PSoC4\Led_Advertising_Green_PM.c</File>
          <File BuildType="BUILD" Toolchain="">Generated_Source\PSoC4\Led_Connected_Blue.c</File>
          <File BuildType="BUILD" Toolchain="">Generated_Source\PSoC4\Led_Connected_Blue.h</File>
          <File BuildType="BUILD" Toolchain="">Generated_Source\PSoC4\Led_Connected_Blue_aliases.h</File>
          <File BuildType="BUILD" Toolchain="">Generated_Source\PSoC4\Led_Connected_Blue_PM.c</File>
          <File BuildType="BUILD" Toolchain="">Generated_Source\PSoC4\BLE_gatt.h</File>
          <File BuildType="BUILD" Toolchain="">Generated_Source\PSoC4\BLE.h</File>
          <File BuildType="BUILD" Toolchain="">Generated_Source\PSoC4\BLE_hrs.h</File>
          <File BuildType="BUILD" Toolchain="">Generated_Source\PSoC4\BLE_hrs.c</File>
          <File BuildType="BUILD" Toolchain="">Generated_Source\PSoC4\BLE.c</File>
          <File BuildType="BUILD" Toolchain="">Generated_Source\PSoC4\BLE_gatt.c</File>
          <File BuildType="BUILD" Toolchain="">Generated_Source\PSoC4\BLE_eventHandler.c</File>
          <File BuildType="BUILD" Toolchain="">Generated_Source\PSoC4\BLE_HAL_INT.c</File>
          <File BuildType="BUILD" Toolchain="">Generated_Source\PSoC4\BLE_HAL_PVT.c</File>
          <File BuildType="BUILD" Toolchain="">Generated_Source\PSoC4\BLE_HAL_PVT.h</File>
          <File BuildType="BUILD" Toolchain="">Generated_Source\PSoC4\BLE_STACK_PVT.h</File>
          <File BuildType="BUILD" Toolchain="">Generated_Source\PSoC4\BLE_StackGap.h</File>
          <File BuildType="BUILD" Toolchain="">Generated_Source\PSoC4\BLE_StackGatt.h</File>
          <File BuildType="BUILD" Toolchain="">Generated_Source\PSoC4\BLE_StackGattDb.h</File>
          <File BuildType="BUILD" Toolchain="">Generated_Source\PSoC4\BLE_StackHostMain.h</File>
          <File BuildType="BUILD" Toolchain="">Generated_Source\PSoC4\BLE_StackL2cap.h</File>
          <File BuildType="BUILD" Toolchain="">Generated_Source\PSoC4\BLE_dis.c</File>
          <File BuildType="BUILD" Toolchain="">Generated_Source\PSoC4\BLE_dis.h</File>
          <File BuildType="BUILD" Toolchain="">Generated_Source\PSoC4\BLE_StackGattServer.h</File>
          <File BuildType="BUILD" Toolchain="">Generated_Source\PSoC4\BLE_StackGattClient.h</File>
          <File BuildType="BUILD" Toolchain="">Generated_Source\PSoC4\BLE_Stack.h</File>
          <File BuildType="BUILD" Toolchain="">Generated_Source\PSoC4\BLE_eventHandler.h</File>
          <File BuildType="BUILD" Toolchain="">Generated_Source\PSoC4\Opamp.c</File>
          <File BuildType="BUILD" Toolchain="">Generated_Source\PSoC4\Opamp.h</File>
          <File BuildType="BUILD" Toolchain="">Generated_Source\PSoC4\Opamp_PM.c</File>
          <File BuildType="BUILD" Toolchain="">Generated_Source\PSoC4\ADC.c</File>
          <File BuildType="BUILD" Toolchain="">Generated_Source\PSoC4\ADC.h</File>
          <File BuildType="BUILD" Toolchain="">Generated_Source\PSoC4\ADC_PM.c</File>
          <File BuildType="BUILD" Toolchain="">Generated_Source\PSoC4\ADC_INT.c</File>
          <File BuildType="BUILD" Toolchain="">Generated_Source\PSoC4\BLE_bless_isr.c</File>
          <File BuildType="BUILD" Toolchain="">Generated_Source\PSoC4\BLE_bless_isr.h</File>
          <File BuildType="BUILD" Toolchain="">Generated_Source\PSoC4\ADC_IRQ.c</File>
          <File BuildType="BUILD" Toolchain="">Generated_Source\PSoC4\ADC_IRQ.h</File>
          <File BuildType="BUILD" Toolchain="">Generated_Source\PSoC4\ADC_intClock.c</File>
          <File BuildType="BUILD" Toolchain="">Generated_Source\PSoC4\ADC_intClock.h</File>
          <File BuildType="BUILD" Toolchain="ARM GCC Generic">Generated_Source\PSoC4\cm0gcc.ld</File>
          <File BuildType="BUILD" Toolchain="ARM MDK Generic">Generated_Source\PSoC4\Cm0RealView.scat</File>
          <File BuildType="BUILD" Toolchain="">Generated_Source\PSoC4\Cm0Start.c</File>
          <File BuildType="BUILD" Toolchain="">Generated_Source\PSoC4\core_cm0.h</File>
          <File BuildType="BUILD" Toolchain="">Generated_Source\PSoC4\core_cm0_psoc4.h</File>
          <File BuildType="BUILD" Toolchain="ARM MDK Generic">Generated_Source\PSoC4\CyBootAsmRv.s</File>
          <File BuildType="BUILD" Toolchain="">Generated_Source\PSoC4\CyFlash.c</File>
          <File BuildType="BUILD" Toolchain="">Generated_Source\PSoC4\CyFlash.h</File>
          <File BuildType="BUILD" Toolchain="">Generated_Source\PSoC4\CyLib.c</File>
          <File BuildType="BUILD" Toolchain="">Generated_Source\PSoC4\CyLib.h</File>
          <File BuildType="BUILD" Toolchain="">Generated_Source\PSoC4\cyPm.c</File>
          <File BuildType="BUILD" Toolchain="">Generated_Source\PSoC4\cyPm.h</File>
          <File BuildType="BUILD" Toolchain="">Generated_Source\PSoC4\cytypes.h</File>
          <File BuildType="BUILD" Toolchain="">Generated_Source\PSoC4\cyutils.c</File>
          <File BuildType="BUILD" Toolchain="">Generated_Source\PSoC4\cypins.h</File>
          <File BuildType="BUILD" Toolchain="">Generated_Source\PSoC4\core_cmFunc.h</File>
          <File BuildType="BUILD" Toolchain="">Generated_Source\PSoC4\core_cmInstr.h</File>
          <File BuildType="BUILD" Toolchain="ARM IAR Generic">Generated_Source\PSoC4\Cm0Iar.icf</File>
          <File BuildType="BUILD" Toolchain="ARM IAR Generic">Generated_Source\PSoC4\CyBootAsmIar.s</File>
          <File BuildType="BUILD" Toolchain="">Generated_Source\PSoC4\cmsis_armcc.h</File>
          <File BuildType="BUILD" Toolchain="">Generated_Source\PSoC4\cmsis_gcc.h</File>
          <File BuildType="BUILD" Toolchain="">Generated_Source\PSoC4\cmsis_compiler.h</File>
          <File BuildType="BUILD" Toolchain="ARM GCC Generic">Generated_Source\PSoC4\CyBootAsmGnu.s</File>
          <File BuildType="BUILD" Toolchain="">Generated_Source\PSoC4\CyLFClk.c</File>
          <File BuildType="BUILD" Toolchain="">Generated_Source\PSoC4\CyLFClk.h</File>
          <File BuildType="BUILD" Toolchain="">Generated_Source\PSoC4\project.h</File>
          <File BuildType="BUILD" Toolchain="">Generated_Source\PSoC4\cycodeshareimport.ld</File>
          <File BuildType="BUILD" Toolchain="">Generated_Source\PSoC4\cycodeshareexport.ld</File>
          <File BuildType="BUILD" Toolchain="">Generated_Source\PSoC4\cycodeshareimport.scat</File>
          <File BuildType="BUILD" Toolchain="">Generated_Source\PSoC4\CyDMA.h</File>
          <File BuildType="BUILD" Toolchain="">Generated_Source\PSoC4\CyDMA.c</File>
        </Files>
      </Folder>
      <Folder BuildType="STRICT" Path="C:\Users\Jacob\Documents\Junior\EGR 304\EGR304\heartrateMonitor\BLE Lab 3.cydsn\Export\ARM_GCC_Generic\BLE_v3_30">
        <Files Root="C:\Users\Jacob\Documents\Junior\EGR 304\EGR304\heartrateMonitor\BLE Lab 3.cydsn">
          <File BuildType="BUILD" Toolchain="ARM GCC Generic">.\Export\ARM_GCC_Generic\BLE_v3_30\gccCyBLEStack_BLE_SOC_PERIPHERAL.a</File>
        </Files>
      </Folder>
      <Folder BuildType="STRICT" Path="C:\Users\Jacob\Documents\Junior\EGR 304\EGR304\heartrateMonitor\BLE Lab 3.cydsn\Export\ARM_GCC_Generic">
        <Files Root="C:\Users\Jacob\Documents\Junior\EGR 304\EGR304\heartrateMonitor\BLE Lab 3.cydsn">
          <File BuildType="BUILD" Toolchain="ARM GCC Generic">.\Export\ARM_GCC_Generic\CyComponentLibrary.a</File>
        </Files>
      </Folder>
      <Folder BuildType="STRICT" Path="C:\Users\Jacob\Documents\Junior\EGR 304\EGR304\heartrateMonitor\BLE Lab 3.cydsn\Export\ARM_MDK_Generic\BLE_v3_30">
        <Files Root="C:\Users\Jacob\Documents\Junior\EGR 304\EGR304\heartrateMonitor\BLE Lab 3.cydsn">
          <File BuildType="BUILD" Toolchain="ARM MDK Generic">.\Export\ARM_MDK_Generic\BLE_v3_30\mdkCyBLEStack_BLE_SOC_PERIPHERAL.a</File>
        </Files>
      </Folder>
      <Folder BuildType="STRICT" Path="C:\Users\Jacob\Documents\Junior\EGR 304\EGR304\heartrateMonitor\BLE Lab 3.cydsn\Export\ARM_MDK_Generic">
        <Files Root="C:\Users\Jacob\Documents\Junior\EGR 304\EGR304\heartrateMonitor\BLE Lab 3.cydsn">
          <File BuildType="BUILD" Toolchain="ARM MDK Generic">.\Export\ARM_MDK_Generic\CyComponentLibrary.a</File>
        </Files>
      </Folder>
      <Folder BuildType="STRICT" Path="C:\Users\Jacob\Documents\Junior\EGR 304\EGR304\heartrateMonitor\BLE Lab 3.cydsn\Export\ARM_IAR_Generic\BLE_v3_30">
        <Files Root="C:\Users\Jacob\Documents\Junior\EGR 304\EGR304\heartrateMonitor\BLE Lab 3.cydsn">
          <File BuildType="BUILD" Toolchain="ARM IAR Generic">.\Export\ARM_IAR_Generic\BLE_v3_30\mdkCyBLEStack_BLE_SOC_PERIPHERAL.a</File>
        </Files>
      </Folder>
      <Folder BuildType="STRICT" Path="C:\Users\Jacob\Documents\Junior\EGR 304\EGR304\heartrateMonitor\BLE Lab 3.cydsn\Export\ARM_IAR_Generic">
        <Files Root="C:\Users\Jacob\Documents\Junior\EGR 304\EGR304\heartrateMonitor\BLE Lab 3.cydsn">
          <File BuildType="BUILD" Toolchain="ARM IAR Generic">.\Export\ARM_IAR_Generic\CyComponentLibrary.a</File>
        </Files>
      </Folder>
      <Folder BuildType="EXCLUDE" Path=".\codegentemp">
        <Files Root="C:\Users\Jacob\Documents\Junior\EGR 304\EGR304\heartrateMonitor\BLE Lab 3.cydsn" />
      </Folder>
      <Folder BuildType="EXCLUDE" Path=".\ARM_GCC_441">
        <Files Root="C:\Users\Jacob\Documents\Junior\EGR 304\EGR304\heartrateMonitor\BLE Lab 3.cydsn" />
      </Folder>
      <Folder BuildType="EXCLUDE" Path=".\ARM_GCC_473">
        <Files Root="C:\Users\Jacob\Documents\Junior\EGR 304\EGR304\heartrateMonitor\BLE Lab 3.cydsn" />
      </Folder>
      <Folder BuildType="EXCLUDE" Path=".\DP8051_Keil_952">
        <Files Root="C:\Users\Jacob\Documents\Junior\EGR 304\EGR304\heartrateMonitor\BLE Lab 3.cydsn" />
      </Folder>
      <Folder BuildType="EXCLUDE" Path=".\DP8051">
        <Files Root="C:\Users\Jacob\Documents\Junior\EGR 304\EGR304\heartrateMonitor\BLE Lab 3.cydsn" />
      </Folder>
      <Folder BuildType="EXCLUDE" Path=".\CortexM0">
        <Files Root="C:\Users\Jacob\Documents\Junior\EGR 304\EGR304\heartrateMonitor\BLE Lab 3.cydsn" />
      </Folder>
      <Folder BuildType="EXCLUDE" Path=".\CortexM0p">
        <Files Root="C:\Users\Jacob\Documents\Junior\EGR 304\EGR304\heartrateMonitor\BLE Lab 3.cydsn" />
      </Folder>
      <Folder BuildType="EXCLUDE" Path=".\CortexM3">
        <Files Root="C:\Users\Jacob\Documents\Junior\EGR 304\EGR304\heartrateMonitor\BLE Lab 3.cydsn" />
      </Folder>
      <Folder BuildType="EXCLUDE" Path=".\CortexM4">
        <Files Root="C:\Users\Jacob\Documents\Junior\EGR 304\EGR304\heartrateMonitor\BLE Lab 3.cydsn" />
      </Folder>
      <Folder BuildType="EXCLUDE" Path=".\CortexM7">
        <Files Root="C:\Users\Jacob\Documents\Junior\EGR 304\EGR304\heartrateMonitor\BLE Lab 3.cydsn" />
      </Folder>
    </Folders>
  </Project>
</PSoCCreatorIdeExport>