0,0.40019,0.25165,0.21695
0.0041535,0.40019,0.25164,0.21695
0.008307,0.40019,0.25164,0.21696
0.012461,0.4002,0.25164,0.21696
0.016614,0.40019,0.25164,0.21695
0.020768,0.40019,0.25164,0.21696
0.024921,0.40019,0.25164,0.21696
0.029075,0.4002,0.25165,0.21696
0.033228,0.40019,0.25164,0.21696
0.037382,0.40019,0.25164,0.21696
0.041536,0.4002,0.25165,0.21696
0.045689,0.40019,0.25164,0.21696
0.049843,0.40019,0.25164,0.21696
0.053997,0.4002,0.25165,0.21696
0.05815,0.4002,0.25164,0.21696
0.062304,0.4002,0.25164,0.21696
0.066458,0.40019,0.25164,0.21696
0.070611,0.40019,0.25164,0.21696
0.074765,0.40019,0.25164,0.21696
0.078919,0.40019,0.25164,0.21696
0.083073,0.40019,0.25164,0.21696
0.087226,0.40019,0.25164,0.21696
0.09138,0.40019,0.25164,0.21696
0.095534,0.4002,0.25164,0.21696
0.099688,0.40019,0.25165,0.21695
0.10384,0.40019,0.25164,0.21695
0.108,0.40019,0.25165,0.21696
0.11215,0.4002,0.25165,0.21696
0.1163,0.40019,0.25164,0.21696
0.12046,0.40019,0.25165,0.21696
0.12461,0.40019,0.25164,0.21696
0.12876,0.4002,0.25164,0.21696
0.13292,0.40019,0.25164,0.21696
0.13707,0.40019,0.25165,0.21696
0.14123,0.40019,0.25164,0.21696
0.14538,0.40019,0.25164,0.21696
0.14953,0.40019,0.25164,0.21696
0.15369,0.40019,0.25164,0.21696
0.15784,0.40019,0.25165,0.21696
0.162,0.40019,0.25164,0.21696
0.16615,0.40019,0.25165,0.21696
0.1703,0.40019,0.25165,0.21696
0.17446,0.40019,0.25165,0.21696
0.17861,0.40019,0.25164,0.21696
0.18277,0.4002,0.25165,0.21696
0.18692,0.40019,0.25164,0.21696
0.19108,0.40019,0.25165,0.21696
0.19523,0.40019,0.25164,0.21696
0.19938,0.40017,0.25166,0.21695
0.20354,0.40019,0.25164,0.21696
0.20769,0.40019,0.25164,0.21696
0.21185,0.40019,0.25164,0.21696
0.216,0.40019,0.25165,0.21696
0.22015,0.40019,0.25164,0.21696
0.22431,0.40019,0.25164,0.21696
0.22846,0.40019,0.25164,0.21696
0.23262,0.40019,0.25165,0.21696
0.23677,0.40019,0.25164,0.21696
0.24093,0.4002,0.25165,0.21696
0.24508,0.40019,0.25164,0.21696
0.24923,0.40019,0.25164,0.21696
0.25339,0.40019,0.25165,0.21696
0.25754,0.40019,0.25165,0.21696
0.2617,0.40019,0.25164,0.21696
0.26585,0.40019,0.25164,0.21696
0.27001,0.40019,0.25164,0.21696
0.27416,0.40019,0.25164,0.21696
0.27831,0.40019,0.25164,0.21696
0.28247,0.40019,0.25164,0.21696
0.28662,0.40019,0.25164,0.21696
0.29078,0.40019,0.25164,0.21696
0.29493,0.4002,0.25164,0.21696
0.29909,0.40019,0.25164,0.21696
0.30324,0.4002,0.25164,0.21696
0.3074,0.40019,0.25164,0.21696
0.31155,0.40019,0.25165,0.21696
0.3157,0.40019,0.25164,0.21696
0.31986,0.40019,0.25165,0.21696
0.32401,0.40019,0.25165,0.21696
0.32817,0.40019,0.25165,0.21696
0.33232,0.40019,0.25164,0.21696
0.33648,0.40019,0.25165,0.21696
0.34063,0.40019,0.25164,0.21696
0.34479,0.4002,0.25165,0.21696
0.34894,0.40019,0.25164,0.21696
0.3531,0.40019,0.25165,0.21696
0.35725,0.40019,0.25164,0.21696
0.36141,0.40019,0.25165,0.21696
0.36556,0.40019,0.25165,0.21696
0.36971,0.4002,0.25165,0.21696
0.37387,0.40019,0.25165,0.21696
0.37802,0.40019,0.25165,0.21696
0.38218,0.40017,0.25166,0.21696
0.38633,0.40019,0.25165,0.21696
0.39049,0.40019,0.25164,0.21696
0.39464,0.40019,0.25165,0.21696
0.3988,0.40019,0.25164,0.21696
0.40295,0.40019,0.25165,0.21696
0.40711,0.4002,0.25165,0.21696
0.41126,0.40019,0.25165,0.21696
0.41542,0.40019,0.25165,0.21696
0.41957,0.40019,0.25164,0.21696
0.42373,0.40019,0.25165,0.21696
0.42788,0.40019,0.25165,0.21696
0.43204,0.40019,0.25165,0.21696
0.43619,0.4002,0.25165,0.21696
0.44035,0.4002,0.25165,0.21696
0.4445,0.40019,0.25165,0.21696
0.44866,0.40019,0.25164,0.21696
0.45281,0.40019,0.25164,0.21696
0.45697,0.40019,0.25164,0.21696
0.46112,0.4002,0.25165,0.21696
0.46528,0.40019,0.25165,0.21696
0.46943,0.40019,0.25165,0.21696
0.47359,0.40017,0.25165,0.21696
0.47774,0.4002,0.25164,0.21696
0.4819,0.4002,0.25164,0.21696
0.48605,0.4002,0.25164,0.21696
0.49021,0.40019,0.25165,0.21696
0.49436,0.40019,0.25165,0.21696
0.49852,0.40019,0.25164,0.21696
0.50267,0.4002,0.25165,0.21696
0.50683,0.4002,0.25164,0.21696
0.51098,0.4002,0.25164,0.21696
0.51514,0.4002,0.25164,0.21696
0.51929,0.4002,0.25164,0.21696
0.52345,0.40019,0.25165,0.21696
0.5276,0.40019,0.25164,0.21696
0.53176,0.40019,0.25165,0.21696
0.53591,0.4002,0.25165,0.21696
0.54007,0.40019,0.25165,0.21696
0.54422,0.4002,0.25165,0.21696
0.54838,0.4002,0.25164,0.21696
0.55253,0.4002,0.25164,0.21696
0.55669,0.40019,0.25164,0.21696
0.56084,0.40019,0.25165,0.21696
0.565,0.40019,0.25165,0.21696
0.56916,0.40019,0.25165,0.21696
0.57331,0.4002,0.25164,0.21696
0.57747,0.40019,0.25165,0.21696
0.58162,0.40019,0.25165,0.21696
0.58578,0.40019,0.25164,0.21696
0.58993,0.40019,0.25165,0.21696
0.59409,0.40019,0.25164,0.21696
0.59824,0.4002,0.25164,0.21696
0.6024,0.4002,0.25164,0.21696
0.60655,0.40019,0.25164,0.21696
0.61071,0.4002,0.25165,0.21696
0.61486,0.4002,0.25164,0.21696
0.61902,0.40019,0.25165,0.21696
0.62318,0.40019,0.25164,0.21696
0.62733,0.4002,0.25165,0.21696
0.63149,0.40019,0.25165,0.21696
0.63564,0.40019,0.25165,0.21696
0.6398,0.40019,0.25164,0.21696
0.64395,0.40017,0.25165,0.21696
0.64811,0.40019,0.25165,0.21696
0.65226,0.40019,0.25165,0.21696
0.65642,0.40019,0.25164,0.21696
0.66058,0.40019,0.25164,0.21696
0.66473,0.40019,0.25164,0.21696
0.66889,0.40019,0.25164,0.21696
0.67304,0.40019,0.25165,0.21696
0.6772,0.40019,0.25165,0.21696
0.68135,0.40019,0.25164,0.21696
0.68551,0.40019,0.25164,0.21696
0.68967,0.40019,0.25165,0.21696
0.69382,0.40019,0.25164,0.21696
0.69798,0.40019,0.25164,0.21696
0.70213,0.40019,0.25165,0.21696
0.70629,0.40019,0.25165,0.21696
0.71044,0.40019,0.25164,0.21696
0.7146,0.40019,0.25165,0.21696
0.71876,0.40019,0.25164,0.21696
0.72291,0.40019,0.25164,0.21696
0.72707,0.40019,0.25165,0.21696
0.73122,0.40019,0.25164,0.21696
0.73538,0.40019,0.25164,0.21696
0.73954,0.40019,0.25164,0.21696
0.74369,0.40019,0.25163,0.21696
0.74785,0.40019,0.25164,0.21697
0.752,0.40019,0.25164,0.21697
0.75616,0.40019,0.25164,0.21696
0.76032,0.40019,0.25164,0.21697
0.76447,0.40019,0.25164,0.21696
0.76863,0.40019,0.25164,0.21697
0.77278,0.40019,0.25164,0.21696
0.77694,0.40019,0.25164,0.21696
0.7811,0.40019,0.25164,0.21696
0.78525,0.40019,0.25165,0.21697
0.78941,0.40019,0.25164,0.21697
0.79356,0.40019,0.25164,0.21697
0.79772,0.40019,0.25164,0.21697
0.80188,0.40019,0.25164,0.21697
0.80603,0.40019,0.25164,0.21697
0.81019,0.4002,0.25164,0.21697
0.81434,0.40019,0.25164,0.21697
0.8185,0.40019,0.25164,0.21697
0.82266,0.40019,0.25164,0.21697
0.82681,0.40019,0.25164,0.21697
0.83097,0.40019,0.25164,0.21697
0.83512,0.40019,0.25164,0.21697
0.83928,0.40019,0.25164,0.21697
0.84344,0.4002,0.25164,0.21697
0.84759,0.40019,0.25164,0.21697
0.85175,0.40019,0.25164,0.21697
0.85591,0.40019,0.25164,0.21697
0.86006,0.40019,0.25164,0.21697
0.86422,0.40019,0.25164,0.21697
0.86837,0.40019,0.25164,0.21697
0.87253,0.40019,0.25164,0.21697
0.87669,0.40019,0.25164,0.21697
0.88084,0.40019,0.25164,0.21697
0.885,0.40019,0.25164,0.21697
0.88916,0.40019,0.25164,0.21697
0.89331,0.40019,0.25164,0.21697
0.89747,0.40019,0.25164,0.21696
0.90163,0.40019,0.25164,0.21697
0.90578,0.40019,0.25164,0.21697
0.90994,0.40019,0.25165,0.21696
0.91409,0.40019,0.25165,0.21697
0.91825,0.40019,0.25164,0.21697
0.92241,0.40019,0.25164,0.21697
0.92656,0.40019,0.25164,0.21697
0.93072,0.40019,0.25164,0.21697
0.93488,0.40019,0.25164,0.21697
0.93903,0.40019,0.25164,0.21697
0.94319,0.40019,0.25164,0.21697
0.94735,0.40019,0.25164,0.21697
0.9515,0.40019,0.25164,0.21697
0.95566,0.40019,0.25164,0.21697
0.95982,0.40019,0.25164,0.21697
0.96397,0.40019,0.25164,0.21697
0.96813,0.40019,0.25164,0.21697
0.97229,0.40019,0.25164,0.21697
0.97644,0.40019,0.25164,0.21697
0.9806,0.40019,0.25164,0.21697
0.98476,0.40019,0.25164,0.21697
0.98891,0.40019,0.25164,0.21697
0.99307,0.4002,0.25164,0.21697
0.99723,0.40019,0.25164,0.21697
1.0014,0.40019,0.25164,0.21697
1.0055,0.40019,0.25164,0.21697
1.0097,0.40019,0.25164,0.21697
1.0139,0.40019,0.25164,0.21697
1.018,0.40019,0.25164,0.21697
1.0222,0.40019,0.25164,0.21697
1.0263,0.40019,0.25164,0.21697
1.0305,0.40019,0.25164,0.21697
1.0346,0.40019,0.25165,0.21697
1.0388,0.40019,0.25164,0.21697
1.043,0.40019,0.25164,0.21697
1.0471,0.40019,0.25164,0.21697
1.0513,0.40019,0.25164,0.21697
1.0554,0.40019,0.25164,0.21697
1.0596,0.40019,0.25164,0.21697
1.0637,0.40019,0.25164,0.21697
1.0679,0.40019,0.25164,0.21697
1.0721,0.40019,0.25164,0.21697
1.0762,0.40019,0.25164,0.21697
1.0804,0.40019,0.25164,0.21697
1.0845,0.40019,0.25164,0.21697
1.0887,0.40019,0.25164,0.21697
1.0928,0.40019,0.25164,0.21697
1.097,0.40019,0.25164,0.21697
1.1011,0.40019,0.25164,0.21697
1.1053,0.40019,0.25164,0.21697
1.1095,0.40019,0.25164,0.21697
1.1136,0.40019,0.25164,0.21697
1.1178,0.40019,0.25164,0.21697
1.1219,0.40019,0.25164,0.21697
1.1261,0.40019,0.25164,0.21697
1.1302,0.40019,0.25164,0.21697
1.1344,0.40019,0.25164,0.21697
1.1386,0.40019,0.25163,0.21697
1.1427,0.40019,0.25164,0.21697
1.1469,0.40019,0.25164,0.21697
1.151,0.40019,0.25164,0.21697
1.1552,0.40019,0.25164,0.21697
1.1593,0.40019,0.25164,0.21697
1.1635,0.40019,0.25164,0.21697
1.1677,0.40019,0.25164,0.21697
1.1718,0.40019,0.25163,0.21697
1.176,0.40019,0.25164,0.21697
1.1801,0.40019,0.25164,0.21697
1.1843,0.40019,0.25164,0.21697
1.1885,0.40019,0.25164,0.21697
1.1926,0.40019,0.25164,0.21697
1.1968,0.40019,0.25164,0.21697
1.2009,0.40019,0.25164,0.21697
1.2051,0.40019,0.25164,0.21697
1.2092,0.40019,0.25164,0.21697
1.2134,0.40019,0.25164,0.21697
1.2176,0.4002,0.25164,0.21697
1.2217,0.40019,0.25164,0.21697
1.2259,0.40019,0.25164,0.21697
1.23,0.40019,0.25164,0.21697
1.2342,0.40019,0.25164,0.21697
1.2383,0.40019,0.25164,0.21697
1.2425,0.40019,0.25164,0.21697
1.2467,0.40019,0.25164,0.21697
1.2508,0.4002,0.25164,0.21697
1.255,0.40019,0.25164,0.21697
1.2591,0.40019,0.25164,0.21697
1.2633,0.40019,0.25165,0.21697
1.2674,0.40019,0.25164,0.21697
1.2716,0.40019,0.25164,0.21697
1.2758,0.40019,0.25164,0.21697
1.2799,0.40019,0.25164,0.21697
1.2841,0.40019,0.25164,0.21697
1.2882,0.40019,0.25164,0.21697
1.2924,0.40019,0.25164,0.21697
1.2965,0.40019,0.25164,0.21697
1.3007,0.40019,0.25164,0.21697
1.3049,0.40019,0.25164,0.21697
1.309,0.40019,0.25164,0.21697
1.3132,0.40019,0.25164,0.21697
1.3173,0.40019,0.25164,0.21697
1.3215,0.40019,0.25164,0.21697
1.3257,0.40019,0.25164,0.21697
1.3298,0.40019,0.25164,0.21697
1.334,0.40019,0.25164,0.21697
1.3381,0.40019,0.25164,0.21697
1.3423,0.40019,0.25164,0.21697
1.3464,0.40019,0.25164,0.21697
1.3506,0.40019,0.25164,0.21697
1.3548,0.40019,0.25164,0.21697
1.3589,0.40019,0.25164,0.21697
1.3631,0.40019,0.25164,0.21697
1.3672,0.40019,0.25164,0.21697
1.3714,0.40019,0.25164,0.21697
1.3755,0.40019,0.25164,0.21697
1.3797,0.40019,0.25164,0.21697
1.3839,0.40019,0.25164,0.21697
1.388,0.40019,0.25164,0.21697
1.3922,0.40019,0.25164,0.21697
1.3963,0.40019,0.25165,0.21697
1.4005,0.40019,0.25164,0.21697
1.4047,0.40019,0.25164,0.21697
1.4088,0.40019,0.25164,0.21697
1.413,0.40019,0.25164,0.21697
1.4171,0.40019,0.25164,0.21697
1.4213,0.40019,0.25164,0.21697
1.4254,0.40019,0.25164,0.21697
1.4296,0.40019,0.25164,0.21697
1.4338,0.40019,0.25164,0.21697
1.4379,0.40019,0.25164,0.21697
1.4421,0.40019,0.25164,0.21697
1.4462,0.40019,0.25164,0.21697
1.4504,0.40019,0.25164,0.21697
1.4545,0.40019,0.25164,0.21697
1.4587,0.40019,0.25164,0.21697
1.4629,0.40019,0.25164,0.21697
1.467,0.4002,0.25164,0.21697
1.4712,0.40019,0.25164,0.21697
1.4753,0.40019,0.25164,0.21697
1.4795,0.40019,0.25164,0.21697
1.4837,0.40019,0.25164,0.21697
1.4878,0.40019,0.25164,0.21697
1.492,0.40019,0.25164,0.21697
1.4961,0.40019,0.25164,0.21698
1.5003,0.40019,0.25164,0.21697
1.5044,0.40019,0.25164,0.21697
1.5086,0.40019,0.25164,0.21697
1.5128,0.40019,0.25164,0.21697
1.5169,0.40019,0.25164,0.21697
1.5211,0.40019,0.25165,0.21697
1.5252,0.40019,0.25164,0.21697
1.5294,0.40019,0.25164,0.21697
1.5336,0.40019,0.25164,0.21697
1.5377,0.40019,0.25164,0.21697
1.5419,0.40019,0.25164,0.21697
1.546,0.40019,0.25164,0.21697
1.5502,0.40019,0.25164,0.21697
1.5543,0.40019,0.25164,0.21697
1.5585,0.40019,0.25164,0.21697
1.5627,0.40019,0.25164,0.21697
1.5668,0.40019,0.25164,0.21697
1.571,0.40019,0.25164,0.21697
1.5751,0.40019,0.25164,0.21697
1.5793,0.40019,0.25164,0.21697
1.5835,0.40019,0.25164,0.21698
1.5876,0.4002,0.25164,0.21697
1.5918,0.40019,0.25164,0.21697
1.5959,0.40019,0.25164,0.21698
1.6001,0.40019,0.25164,0.21698
1.6043,0.40019,0.25164,0.21698
1.6084,0.40019,0.25164,0.21697
1.6126,0.40019,0.25164,0.21698
1.6167,0.40019,0.25164,0.21697
1.6209,0.40019,0.25164,0.21697
1.625,0.40019,0.25164,0.21698
1.6292,0.40019,0.25164,0.21698
1.6334,0.40019,0.25164,0.21698
1.6375,0.40019,0.25164,0.21697
1.6417,0.40019,0.25164,0.21697
1.6458,0.40019,0.25164,0.21698
1.65,0.40019,0.25164,0.21698
1.6542,0.40019,0.25164,0.21697
1.6583,0.40019,0.25164,0.21697
1.6625,0.40019,0.25164,0.21698
1.6666,0.40019,0.25165,0.21697
1.6708,0.40019,0.25164,0.21697
1.675,0.40019,0.25164,0.21697
1.6791,0.40019,0.25164,0.21697
1.6833,0.40019,0.25164,0.21698
1.6874,0.40019,0.25164,0.21698
1.6916,0.40019,0.25164,0.21698
1.6957,0.40019,0.25164,0.21698
1.6999,0.40019,0.25164,0.21698
1.7041,0.4002,0.25164,0.21698
1.7082,0.40019,0.25164,0.21698
1.7124,0.40019,0.25164,0.21698
1.7165,0.40019,0.25164,0.21698
1.7207,0.40019,0.25164,0.21698
1.7249,0.40019,0.25164,0.21698
1.729,0.4002,0.25164,0.21698
1.7332,0.40019,0.25164,0.21698
1.7373,0.40019,0.25164,0.21698
1.7415,0.40019,0.25164,0.21698
1.7457,0.40019,0.25164,0.21698
1.7498,0.4002,0.25164,0.21698
1.754,0.40019,0.25164,0.21698
1.7581,0.40019,0.25164,0.21698
1.7623,0.40019,0.25164,0.21698
1.7665,0.40019,0.25164,0.21698
1.7706,0.40019,0.25164,0.21698
1.7748,0.40019,0.25164,0.21698
1.7789,0.40019,0.25164,0.21698
1.7831,0.40019,0.25164,0.21698
1.7872,0.40019,0.25164,0.21698
1.7914,0.40019,0.25164,0.21698
1.7956,0.40019,0.25164,0.21698
1.7997,0.40019,0.25164,0.21698
1.8039,0.40019,0.25164,0.21698
1.808,0.4002,0.25164,0.21698
1.8122,0.40019,0.25164,0.21698
1.8164,0.40019,0.25164,0.21698
1.8205,0.40019,0.25164,0.21698
1.8247,0.4002,0.25164,0.21698
1.8288,0.40019,0.25164,0.21698
1.833,0.40019,0.25164,0.21698
1.8372,0.40019,0.25164,0.21698
1.8413,0.40019,0.25164,0.21698
1.8455,0.40019,0.25165,0.21698
1.8496,0.40019,0.25164,0.21697
1.8538,0.40019,0.25164,0.21698
1.858,0.40019,0.25164,0.21698
1.8621,0.40019,0.25164,0.21698
1.8663,0.40019,0.25164,0.21698
1.8704,0.40019,0.25164,0.21698
1.8746,0.40019,0.25164,0.21698
1.8788,0.40019,0.25164,0.21698
1.8829,0.40019,0.25164,0.21698
1.8871,0.4002,0.25163,0.21698
1.8912,0.40019,0.25164,0.21698
1.8954,0.40019,0.25164,0.21698
1.8996,0.40019,0.25164,0.21698
1.9037,0.40019,0.25164,0.21698
1.9079,0.40019,0.25164,0.21698
1.912,0.40019,0.25164,0.21698
1.9162,0.40019,0.25164,0.21698
1.9204,0.40019,0.25164,0.21698
1.9245,0.40019,0.25164,0.21698
1.9287,0.40019,0.25164,0.21698
1.9328,0.40019,0.25164,0.21698
1.937,0.40019,0.25164,0.21698
1.9412,0.40019,0.25164,0.21698
1.9453,0.40019,0.25164,0.21698
1.9495,0.4002,0.25164,0.21698
1.9536,0.40019,0.25164,0.21698
1.9578,0.40019,0.25164,0.21698
1.9619,0.40019,0.25164,0.21698
1.9661,0.40019,0.25164,0.21698
1.9703,0.40019,0.25164,0.21698
1.9744,0.40019,0.25164,0.21698
1.9786,0.40019,0.25164,0.21698
1.9827,0.40019,0.25164,0.21698
1.9869,0.4002,0.25164,0.21698
1.9911,0.40019,0.25163,0.21698
1.9952,0.40019,0.25164,0.21698
1.9994,0.40019,0.25164,0.21698
2.0035,0.40019,0.25164,0.21698
2.0077,0.4002,0.25164,0.21698
2.0119,0.40019,0.25164,0.21698
2.016,0.40019,0.25164,0.21698
2.0202,0.40019,0.25164,0.21698
2.0243,0.4002,0.25164,0.21698
2.0285,0.40019,0.25164,0.21698
2.0327,0.40019,0.25164,0.21698
2.0368,0.40019,0.25164,0.21698
2.041,0.40019,0.25164,0.21698
2.0451,0.40019,0.25164,0.21698
2.0493,0.40019,0.25164,0.21698
2.0535,0.40019,0.25164,0.21698
2.0576,0.40019,0.25164,0.21698
2.0618,0.40019,0.25164,0.21698
2.0659,0.40019,0.25164,0.21698
2.0701,0.40019,0.25164,0.21698
2.0743,0.40019,0.25165,0.21698
2.0784,0.40019,0.25164,0.21698
2.0826,0.40019,0.25164,0.21698
2.0868,0.40019,0.25164,0.21698
2.0909,0.40019,0.25164,0.21698
2.0951,0.40019,0.25164,0.21698
2.0992,0.40019,0.25164,0.21698
2.1034,0.40019,0.25164,0.21698
2.1076,0.40019,0.25164,0.21698
2.1117,0.40019,0.25164,0.21698
2.1159,0.40019,0.25164,0.21698
2.12,0.40019,0.25164,0.21698
2.1242,0.40019,0.25164,0.21698
2.1284,0.40019,0.25164,0.21698
2.1325,0.40019,0.25163,0.21698
2.1367,0.40019,0.25164,0.21698
2.1408,0.40019,0.25164,0.21698
2.145,0.40019,0.25164,0.21698
2.1492,0.40019,0.25164,0.21698
2.1533,0.40019,0.25164,0.21698
2.1575,0.40019,0.25164,0.21698
2.1616,0.40019,0.25164,0.21698
2.1658,0.4002,0.25164,0.21698
2.17,0.40019,0.25164,0.21698
2.1741,0.4002,0.25164,0.21698
2.1783,0.40019,0.25164,0.21698
2.1824,0.4002,0.25164,0.21698
2.1866,0.40019,0.25165,0.21698
2.1908,0.40019,0.25164,0.21698
2.1949,0.40019,0.25164,0.21698
2.1991,0.40019,0.25164,0.21698
2.2032,0.40019,0.25164,0.21698
2.2074,0.40019,0.25164,0.21698
2.2116,0.4002,0.25164,0.21698
2.2157,0.40019,0.25164,0.21698
2.2199,0.4002,0.25164,0.21698
2.224,0.40019,0.25164,0.21698
2.2282,0.40019,0.25164,0.21698
2.2324,0.40019,0.25164,0.21698
2.2365,0.40019,0.25164,0.21698
2.2407,0.40019,0.25164,0.21698
2.2449,0.40019,0.25164,0.21698
2.249,0.40019,0.25164,0.21698
2.2532,0.40019,0.25164,0.21698
2.2573,0.40019,0.25164,0.21698
2.2615,0.40019,0.25164,0.21698
2.2657,0.40019,0.25164,0.21698
2.2698,0.40019,0.25163,0.21698
2.274,0.40019,0.25164,0.21698
2.2781,0.40019,0.25164,0.21698
2.2823,0.40019,0.25164,0.21698
2.2865,0.40019,0.25164,0.21698
2.2906,0.40019,0.25164,0.21698
2.2948,0.40019,0.25164,0.21698
2.2989,0.40019,0.25164,0.21698
2.3031,0.40019,0.25164,0.21698
2.3073,0.40019,0.25164,0.21698
2.3114,0.40019,0.25164,0.21698
2.3156,0.40019,0.25164,0.21698
2.3197,0.40019,0.25164,0.21698
2.3239,0.40019,0.25164,0.21698
2.3281,0.40019,0.25164,0.21698
2.3322,0.40019,0.25164,0.21698
2.3364,0.40019,0.25164,0.21698
2.3406,0.40019,0.25164,0.21698
2.3447,0.40019,0.25164,0.21698
2.3489,0.40019,0.25164,0.21699
2.353,0.40019,0.25164,0.21698
2.3572,0.40019,0.25164,0.21698
2.3614,0.40019,0.25164,0.21698
2.3655,0.40019,0.25164,0.21698
2.3697,0.40019,0.25164,0.21698
2.3738,0.40019,0.25164,0.21698
2.378,0.40019,0.25164,0.21698
2.3822,0.40019,0.25164,0.21698
2.3863,0.40019,0.25164,0.21698
2.3905,0.40019,0.25164,0.21698
2.3946,0.40019,0.25164,0.21698
2.3988,0.40019,0.25164,0.21698
2.403,0.40019,0.25164,0.21698
2.4071,0.40019,0.25164,0.21698
2.4113,0.40019,0.25164,0.21698
2.4155,0.40019,0.25164,0.21698
2.4196,0.40019,0.25164,0.21698
2.4238,0.40019,0.25164,0.21698
2.4279,0.40019,0.25164,0.21698
2.4321,0.40019,0.25164,0.21698
2.4363,0.40019,0.25164,0.21698
2.4404,0.40019,0.25164,0.21698
2.4446,0.40019,0.25164,0.21698
2.4487,0.40019,0.25164,0.21698
2.4529,0.40019,0.25164,0.21698
2.4571,0.40019,0.25163,0.21699
2.4612,0.40019,0.25164,0.21699
2.4654,0.40019,0.25164,0.21698
2.4696,0.40019,0.25164,0.21698
2.4737,0.40019,0.25164,0.21698
2.4779,0.40019,0.25164,0.21698
2.482,0.40019,0.25164,0.21698
2.4862,0.40019,0.25164,0.21698
2.4904,0.40019,0.25164,0.21698
2.4945,0.40019,0.25164,0.21698
2.4987,0.40019,0.25164,0.21698
2.5028,0.40019,0.25163,0.21698
2.507,0.4002,0.25163,0.21699
2.5112,0.40019,0.25163,0.21699
2.5153,0.40019,0.25164,0.21698
2.5195,0.40019,0.25164,0.21698
2.5237,0.40019,0.25164,0.21698
2.5278,0.40019,0.25163,0.21699
2.532,0.40019,0.25164,0.21698
2.5361,0.40019,0.25164,0.21699
2.5403,0.40019,0.25164,0.21699
2.5445,0.40019,0.25164,0.21698
2.5486,0.40019,0.25164,0.21699
2.5528,0.40019,0.25164,0.21699
2.5569,0.4002,0.25164,0.21699
2.5611,0.40019,0.25164,0.21698
2.5653,0.40019,0.25163,0.21699
2.5694,0.40019,0.25163,0.21698
2.5736,0.40019,0.25164,0.21699
2.5778,0.40019,0.25164,0.21699
2.5819,0.40019,0.25164,0.21699
2.5861,0.40019,0.25164,0.21699
2.5902,0.40019,0.25164,0.21699
2.5944,0.4002,0.25163,0.21699
2.5986,0.40019,0.25164,0.21698
2.6027,0.40019,0.25163,0.21699
2.6069,0.40019,0.25164,0.21699
2.611,0.40019,0.25164,0.21698
2.6152,0.40019,0.25164,0.21699
2.6194,0.40019,0.25164,0.21699
2.6235,0.40019,0.25164,0.21699
2.6277,0.40019,0.25164,0.21699
2.6319,0.40019,0.25164,0.21699
2.636,0.40019,0.25164,0.21699
2.6402,0.40019,0.25164,0.21699
2.6443,0.40019,0.25164,0.21699
2.6485,0.40019,0.25164,0.21699
2.6527,0.40019,0.25164,0.21699
2.6568,0.40019,0.25164,0.21699
2.661,0.40019,0.25164,0.21699
2.6652,0.40019,0.25164,0.21699
2.6693,0.40019,0.25163,0.21699
2.6735,0.40019,0.25164,0.21699
2.6776,0.40019,0.25164,0.21699
2.6818,0.4002,0.25163,0.21699
2.686,0.4002,0.25164,0.21699
2.6901,0.40019,0.25164,0.21699
2.6943,0.40019,0.25163,0.21699
2.6985,0.40019,0.25164,0.21699
2.7026,0.40019,0.25164,0.21699
2.7068,0.40019,0.25164,0.21699
2.7109,0.40019,0.25164,0.21699
2.7151,0.40019,0.25164,0.21699
2.7193,0.40019,0.25164,0.21698
2.7234,0.40019,0.25164,0.21699
2.7276,0.40019,0.25164,0.21699
2.7318,0.40019,0.25164,0.21699
2.7359,0.40019,0.25164,0.21699
2.7401,0.40019,0.25164,0.21699
2.7442,0.40019,0.25164,0.21699
2.7484,0.40019,0.25163,0.21699
2.7526,0.40019,0.25164,0.21699
2.7567,0.40019,0.25164,0.21699
2.7609,0.40019,0.25164,0.21699
2.7651,0.40019,0.25164,0.21699
2.7692,0.40019,0.25164,0.21699
2.7734,0.40019,0.25164,0.21699
2.7775,0.40019,0.25164,0.21699
2.7817,0.40019,0.25164,0.21699
2.7859,0.40019,0.25164,0.21699
2.79,0.40019,0.25163,0.21699
2.7942,0.40019,0.25163,0.21699
2.7984,0.40019,0.25163,0.21699
2.8025,0.40019,0.25163,0.21699
2.8067,0.40019,0.25164,0.21699
2.8108,0.40019,0.25164,0.21699
2.815,0.40019,0.25164,0.21699
2.8192,0.40019,0.25164,0.21699
2.8233,0.40019,0.25164,0.21699
2.8275,0.40019,0.25164,0.21699
2.8317,0.40019,0.25164,0.21699
2.8358,0.40019,0.25163,0.21699
2.84,0.40019,0.25164,0.21699
2.8441,0.40019,0.25164,0.21699
2.8483,0.40019,0.25164,0.21699
2.8525,0.40019,0.25163,0.21699
2.8566,0.40019,0.25164,0.21699
2.8608,0.40019,0.25164,0.21699
2.865,0.40019,0.25164,0.21699
2.8691,0.40019,0.25164,0.21699
2.8733,0.40019,0.25164,0.21699
2.8774,0.40019,0.25164,0.21699
2.8816,0.40019,0.25164,0.21699
2.8858,0.40019,0.25164,0.21699
2.8899,0.40019,0.25164,0.21699
2.8941,0.40019,0.25164,0.21699
2.8983,0.40019,0.25164,0.21699
2.9024,0.40019,0.25164,0.21699
2.9066,0.40019,0.25164,0.21699
2.9107,0.40019,0.25164,0.21699
2.9149,0.40019,0.25164,0.21699
2.9191,0.40019,0.25164,0.21699
2.9232,0.40019,0.25164,0.21699
2.9274,0.40019,0.25163,0.21699
2.9316,0.40019,0.25164,0.21699
2.9357,0.40019,0.25164,0.21699
2.9399,0.40019,0.25163,0.21699
2.944,0.40019,0.25163,0.21699
2.9482,0.40019,0.25163,0.21699
2.9524,0.40019,0.25164,0.21699
2.9565,0.40019,0.25164,0.21699
2.9607,0.40019,0.25164,0.21699
2.9649,0.40019,0.25164,0.21699
2.969,0.40019,0.25164,0.21699
2.9732,0.40019,0.25164,0.21699
2.9774,0.40019,0.25164,0.21699
2.9815,0.40019,0.25164,0.21699
2.9857,0.40019,0.25164,0.21699
2.9898,0.40019,0.25164,0.21699
2.994,0.40019,0.25164,0.21699
2.9982,0.40019,0.25164,0.21699
3.0023,0.40019,0.25164,0.21699
3.0065,0.40019,0.25164,0.21699
3.0107,0.40019,0.25164,0.21699
3.0148,0.40019,0.25164,0.21699
3.019,0.40019,0.25164,0.21699
3.0231,0.40019,0.25163,0.21699
3.0273,0.40019,0.25164,0.21699
3.0315,0.40019,0.25164,0.21699
3.0356,0.40019,0.25164,0.21699
3.0398,0.40019,0.25164,0.21699
3.044,0.40019,0.25164,0.21699
3.0481,0.40019,0.25163,0.21699
3.0523,0.40019,0.25164,0.21699
3.0565,0.40019,0.25164,0.21699
3.0606,0.40019,0.25164,0.21699
3.0648,0.40019,0.25164,0.21699
3.0689,0.40019,0.25164,0.21699
3.0731,0.40019,0.25164,0.21699
3.0773,0.40019,0.25164,0.21699
3.0814,0.40019,0.25164,0.21699
3.0856,0.40019,0.25164,0.21699
3.0898,0.40019,0.25164,0.21699
3.0939,0.40019,0.25164,0.21699
3.0981,0.40019,0.25164,0.21699
3.1023,0.40019,0.25163,0.21699
3.1064,0.40019,0.25164,0.21699
3.1106,0.40019,0.25164,0.21699
3.1147,0.40019,0.25164,0.21699
3.1189,0.40019,0.25164,0.21699
3.1231,0.40019,0.25163,0.21699
3.1272,0.40019,0.25164,0.21699
3.1314,0.40019,0.25164,0.21699
3.1356,0.40019,0.25163,0.21699
3.1397,0.40019,0.25163,0.21699
3.1439,0.40019,0.25163,0.21699
3.1481,0.40019,0.25164,0.21699
3.1522,0.40019,0.25164,0.21699
3.1564,0.40019,0.25164,0.21699
3.1605,0.40019,0.25163,0.21699
3.1647,0.40019,0.25164,0.21699
3.1689,0.40019,0.25163,0.21699
3.173,0.40019,0.25164,0.21699
3.1772,0.40019,0.25164,0.21699
3.1814,0.40019,0.25164,0.21699
3.1855,0.40019,0.25163,0.21699
3.1897,0.40019,0.25164,0.21699
3.1939,0.40019,0.25163,0.21699
3.198,0.40019,0.25164,0.21699
3.2022,0.40019,0.25164,0.21699
3.2063,0.40019,0.25164,0.21699
3.2105,0.40019,0.25163,0.217
3.2147,0.40019,0.25163,0.21699
3.2188,0.40019,0.25163,0.21699
3.223,0.40019,0.25163,0.21699
3.2272,0.40019,0.25164,0.21699
3.2313,0.40019,0.25163,0.21699
3.2355,0.40019,0.25163,0.21699
3.2397,0.40019,0.25163,0.21699
3.2438,0.40019,0.25163,0.21699
3.248,0.40019,0.25163,0.21699
3.2521,0.40019,0.25163,0.21699
3.2563,0.40019,0.25164,0.21699
3.2605,0.40019,0.25163,0.21699
3.2646,0.40019,0.25164,0.21699
3.2688,0.40019,0.25164,0.21699
3.273,0.40019,0.25163,0.21699
3.2771,0.40019,0.25163,0.217
3.2813,0.40019,0.25163,0.21699
3.2855,0.40019,0.25164,0.21699
3.2896,0.40019,0.25164,0.217
3.2938,0.40019,0.25164,0.21699
3.298,0.40019,0.25163,0.21699
3.3021,0.40019,0.25164,0.21699
3.3063,0.40019,0.25164,0.21699
3.3104,0.40019,0.25163,0.21699
3.3146,0.40019,0.25164,0.21699
3.3188,0.40019,0.25163,0.21699
3.3229,0.40019,0.25163,0.21699
3.3271,0.40019,0.25164,0.21699
3.3313,0.40019,0.25163,0.21699
3.3354,0.40019,0.25163,0.21699
3.3396,0.40019,0.25164,0.21699
3.3438,0.40019,0.25163,0.21699
3.3479,0.40019,0.25163,0.21699
3.3521,0.40019,0.25164,0.21699
3.3563,0.40019,0.25163,0.21699
3.3604,0.40019,0.25163,0.21699
3.3646,0.40019,0.25164,0.21699
3.3687,0.40019,0.25163,0.21699
3.3729,0.40019,0.25164,0.21699
3.3771,0.40019,0.25164,0.217
3.3812,0.40019,0.25164,0.21699
3.3854,0.40019,0.25163,0.21699
3.3896,0.40019,0.25163,0.21699
3.3937,0.40019,0.25163,0.21699
3.3979,0.40019,0.25163,0.21699
3.4021,0.40019,0.25163,0.21699
3.4062,0.40019,0.25163,0.21699
3.4104,0.40019,0.25163,0.21699
3.4146,0.40019,0.25163,0.21699
3.4187,0.40019,0.25163,0.217
3.4229,0.40019,0.25163,0.217
3.427,0.40019,0.25163,0.21699
3.4312,0.40019,0.25163,0.217
3.4354,0.40019,0.25163,0.217
3.4395,0.40019,0.25164,0.21699
3.4437,0.40019,0.25164,0.217
3.4479,0.40019,0.25163,0.21699
3.452,0.40019,0.25163,0.217
3.4562,0.40019,0.25163,0.21699
3.4604,0.40019,0.25163,0.21699
3.4645,0.40019,0.25163,0.217
3.4687,0.40019,0.25163,0.217
3.4729,0.40019,0.25164,0.21699
3.477,0.40019,0.25163,0.21699
3.4812,0.40019,0.25163,0.21699
3.4854,0.40019,0.25163,0.217
3.4895,0.40019,0.25163,0.217
3.4937,0.40019,0.25164,0.217
3.4978,0.40019,0.25164,0.217
3.502,0.40019,0.25163,0.217
3.5062,0.40019,0.25163,0.217
3.5103,0.40019,0.25163,0.217
3.5145,0.40019,0.25164,0.217
3.5187,0.40019,0.25163,0.217
3.5228,0.40019,0.25164,0.21699
3.527,0.40019,0.25163,0.217
3.5312,0.40019,0.25164,0.21699
3.5353,0.40019,0.25163,0.21699
3.5395,0.40019,0.25164,0.217
3.5437,0.40019,0.25164,0.217
3.5478,0.40019,0.25164,0.217
3.552,0.40019,0.25164,0.217
3.5562,0.40019,0.25164,0.217
3.5603,0.40019,0.25163,0.217
3.5645,0.40019,0.25164,0.217
3.5687,0.40019,0.25163,0.217
3.5728,0.40019,0.25163,0.217
3.577,0.40019,0.25163,0.217
3.5811,0.40019,0.25163,0.217
3.5853,0.40019,0.25164,0.217
3.5895,0.40019,0.25164,0.217
3.5936,0.40019,0.25163,0.217
3.5978,0.40019,0.25164,0.217
3.602,0.40019,0.25163,0.217
3.6061,0.40019,0.25164,0.217
3.6103,0.40019,0.25163,0.217
3.6145,0.40019,0.25163,0.217
3.6186,0.40019,0.25163,0.217
3.6228,0.40019,0.25163,0.217
3.627,0.40019,0.25163,0.217
3.6311,0.40019,0.25163,0.217
3.6353,0.40019,0.25164,0.217
3.6395,0.40019,0.25163,0.217
3.6436,0.40019,0.25163,0.217
3.6478,0.40019,0.25163,0.217
3.652,0.40019,0.25163,0.217
3.6561,0.40019,0.25163,0.217
3.6603,0.40019,0.25163,0.217
3.6645,0.40019,0.25163,0.217
3.6686,0.40019,0.25163,0.217
3.6728,0.40019,0.25163,0.217
3.6769,0.40019,0.25164,0.217
3.6811,0.40019,0.25163,0.217
3.6853,0.40019,0.25163,0.217
3.6894,0.40019,0.25163,0.217
3.6936,0.40019,0.25164,0.217
3.6978,0.40019,0.25164,0.217
3.7019,0.40019,0.25163,0.217
3.7061,0.40019,0.25163,0.217
3.7103,0.40019,0.25163,0.217
3.7144,0.40019,0.25163,0.217
3.7186,0.40019,0.25163,0.217
3.7228,0.40019,0.25163,0.217
3.7269,0.40019,0.25163,0.217
3.7311,0.40019,0.25164,0.217
3.7353,0.40019,0.25164,0.217
3.7394,0.40019,0.25163,0.217
3.7436,0.40019,0.25164,0.217
3.7478,0.40019,0.25164,0.217
3.7519,0.40019,0.25163,0.217
3.7561,0.40019,0.25163,0.217
3.7603,0.40019,0.25164,0.217
3.7644,0.40019,0.25163,0.217
3.7686,0.40019,0.25163,0.217
3.7728,0.40019,0.25163,0.217
3.7769,0.40019,0.25164,0.217
3.7811,0.40019,0.25163,0.217
3.7853,0.40019,0.25164,0.217
3.7894,0.40019,0.25164,0.217
3.7936,0.40019,0.25163,0.217
3.7978,0.40019,0.25163,0.217
3.8019,0.40019,0.25163,0.217
3.8061,0.40019,0.25163,0.217
3.8102,0.40019,0.25163,0.217
3.8144,0.40019,0.25163,0.217
3.8186,0.40019,0.25163,0.217
3.8227,0.40019,0.25164,0.217
3.8269,0.40019,0.25163,0.217
3.8311,0.40019,0.25164,0.217
3.8352,0.40019,0.25164,0.217
3.8394,0.40019,0.25163,0.217
3.8436,0.40019,0.25164,0.217
3.8477,0.40019,0.25164,0.217
3.8519,0.40019,0.25163,0.217
3.8561,0.40019,0.25163,0.217
3.8602,0.40019,0.25163,0.217
3.8644,0.40019,0.25163,0.217
3.8686,0.40019,0.25163,0.217
3.8727,0.40019,0.25164,0.217
3.8769,0.40019,0.25163,0.217
3.8811,0.40019,0.25164,0.217
3.8852,0.40019,0.25163,0.217
3.8894,0.40019,0.25163,0.217
3.8936,0.40019,0.25163,0.217
3.8977,0.40019,0.25163,0.217
3.9019,0.40019,0.25163,0.217
3.9061,0.40019,0.25163,0.217
3.9102,0.40019,0.25163,0.217
3.9144,0.40019,0.25163,0.217
3.9186,0.40019,0.25163,0.217
3.9227,0.40019,0.25163,0.217
3.9269,0.40019,0.25163,0.217
3.9311,0.40019,0.25164,0.217
3.9352,0.40019,0.25163,0.217
3.9394,0.40019,0.25163,0.217
3.9436,0.40019,0.25163,0.217
3.9477,0.40019,0.25163,0.217
3.9519,0.40019,0.25163,0.217
3.9561,0.40019,0.25163,0.217
3.9602,0.40019,0.25163,0.217
3.9644,0.40019,0.25163,0.217
3.9686,0.40019,0.25163,0.217
3.9727,0.40019,0.25163,0.217
3.9769,0.40019,0.25164,0.217
3.9811,0.40019,0.25163,0.217
3.9852,0.40019,0.25163,0.217
3.9894,0.40019,0.25164,0.217
3.9936,0.40019,0.25163,0.217
3.9977,0.40019,0.25163,0.217
4.0019,0.40019,0.25163,0.217
4.0061,0.40019,0.25163,0.217
4.0102,0.40019,0.25163,0.217
4.0144,0.40019,0.25163,0.217
4.0186,0.40016,0.25164,0.217
4.0227,0.40019,0.25163,0.217
4.0269,0.40019,0.25163,0.217
4.0311,0.40019,0.25163,0.217
4.0352,0.40019,0.25163,0.217
4.0394,0.40019,0.25164,0.217
4.0436,0.40019,0.25164,0.217
4.0477,0.40019,0.25164,0.217
4.0519,0.40019,0.25164,0.217
4.0561,0.40019,0.25164,0.217
4.0602,0.40015,0.25167,0.217
4.0644,0.39992,0.25177,0.21699
4.0686,0.3997,0.25236,0.21695
4.0727,0.39946,0.25329,0.21712
4.0769,0.39937,0.25469,0.21738
4.0811,0.39945,0.25653,0.21777
4.0852,0.39967,0.25852,0.21819
4.0894,0.39996,0.26078,0.21861
4.0936,0.4004,0.26337,0.21912
4.0977,0.40083,0.26615,0.21966
4.1019,0.40129,0.26909,0.22018
4.1061,0.40177,0.2722,0.22071
4.1102,0.40222,0.27584,0.22126
4.1144,0.40277,0.27937,0.22183
4.1186,0.40343,0.28265,0.22241
4.1227,0.40397,0.2867,0.22306
4.1269,0.4047,0.29001,0.22363
4.1311,0.40552,0.2939,0.22426
4.1352,0.40635,0.29736,0.22483
4.1394,0.40725,0.3007,0.22543
4.1436,0.4082,0.30388,0.22605
4.1477,0.40913,0.30684,0.22668
4.1519,0.41004,0.30957,0.22729
4.1561,0.41097,0.31214,0.22791
4.1602,0.41193,0.31453,0.22857
4.1644,0.41287,0.31676,0.22922
4.1686,0.41381,0.31876,0.22987
4.1727,0.41475,0.32059,0.23053
4.1769,0.41569,0.32227,0.23118
4.1811,0.41663,0.32373,0.23185
4.1852,0.41756,0.32503,0.23251
4.1894,0.41851,0.32615,0.23316
4.1936,0.41946,0.32707,0.2338
4.1977,0.4204,0.32781,0.23443
4.2019,0.42134,0.32843,0.23508
4.2061,0.4223,0.32883,0.23571
4.2102,0.42314,0.32967,0.2364
4.2144,0.42414,0.32916,0.23691
4.2186,0.42502,0.32966,0.23765
4.2227,0.42599,0.32884,0.23813
4.2269,0.42693,0.32848,0.23875
4.2311,0.4278,0.32834,0.23942
4.2352,0.42875,0.32759,0.24003
4.2394,0.42968,0.32664,0.24061
4.2436,0.43061,0.32554,0.24119
4.2477,0.43154,0.32426,0.24178
4.2519,0.43246,0.32279,0.24234
4.2561,0.43338,0.32115,0.24291
4.2602,0.43429,0.31933,0.24348
4.2644,0.43522,0.31735,0.24403
4.2686,0.43614,0.31527,0.24455
4.2727,0.43704,0.31301,0.24515
4.2769,0.43796,0.31046,0.24571
4.2811,0.4389,0.30761,0.24625
4.2852,0.43981,0.30495,0.24679
4.2894,0.44074,0.30197,0.24732
4.2936,0.44167,0.29884,0.24782
4.2977,0.44261,0.29538,0.24834
4.3019,0.44353,0.29189,0.24886
4.3061,0.44447,0.28837,0.24934
4.3102,0.4454,0.28461,0.2498
4.3144,0.44637,0.28083,0.25022
4.3186,0.44728,0.27678,0.25066
4.3227,0.44827,0.27256,0.25111
4.3269,0.44958,0.26904,0.2521
4.3311,0.45174,0.26711,0.25405
4.3352,0.45358,0.26549,0.25591
4.3394,0.45556,0.26404,0.25787
4.3436,0.45744,0.26173,0.25984
4.3478,0.45744,0.26173,0.25984
4.3519,0.45744,0.26173,0.25984
4.3561,0.45744,0.26173,0.25984
4.3603,0.45744,0.26173,0.25984
4.3644,0.45744,0.26173,0.25984
4.3686,0.45744,0.26173,0.25984
4.3728,0.46421,0.24133,0.26715
4.3769,0.46511,0.23868,0.26799
4.3811,0.46511,0.23868,0.26799
4.3853,0.46774,0.23639,0.26944
4.3894,0.46899,0.23508,0.26987
4.3936,0.47028,0.23378,0.27027
4.3978,0.47154,0.23237,0.27055
4.4019,0.47252,0.22969,0.27126
4.4061,0.47373,0.22794,0.27154
4.4103,0.47499,0.2262,0.27188
4.4144,0.47499,0.2262,0.27188
4.4186,0.47499,0.2262,0.27188
4.4228,0.47499,0.2262,0.27188
4.4269,0.47499,0.2262,0.27188
4.4311,0.47499,0.2262,0.27188
4.4353,0.47499,0.2262,0.27188
4.4394,0.47499,0.2262,0.27188
4.4436,0.47499,0.2262,0.27188
4.4478,0.47499,0.2262,0.27188
4.4519,0.47499,0.2262,0.27188
4.4561,0.47499,0.2262,0.27188
4.4603,0.47499,0.2262,0.27188
4.4644,0.47499,0.2262,0.27188
4.4686,0.47499,0.2262,0.27188
4.4728,0.49121,0.18974,0.27652
4.477,0.49121,0.18974,0.27652
4.4811,0.49121,0.18974,0.27652
4.4853,0.49121,0.18974,0.27652
4.4895,0.49475,0.17629,0.27832
4.4936,0.49475,0.17629,0.27832
4.4978,0.49647,0.16887,0.279
4.502,0.49664,0.16685,0.27944
4.5061,0.49664,0.16685,0.27944
4.5103,0.49664,0.16685,0.27944
4.5145,0.49874,0.1565,0.28173
4.5186,0.49924,0.15358,0.2824
4.5228,0.49966,0.15136,0.28337
4.527,0.49987,0.14952,0.28442
4.5311,0.50005,0.14802,0.28585
4.5353,0.50006,0.14677,0.28741
4.5395,0.50002,0.14529,0.28916
4.5436,0.49994,0.14374,0.29101
4.5478,0.49979,0.1421,0.29297
4.552,0.49891,0.1398,0.29474
4.5561,0.49857,0.13822,0.29694
4.5603,0.49799,0.13661,0.29891
4.5645,0.4973,0.13477,0.30086
4.5686,0.49641,0.13254,0.30289
4.5728,0.49542,0.13,0.30467
4.577,0.49447,0.12759,0.30655
4.5812,0.49339,0.1249,0.30867
4.5853,0.49225,0.12203,0.3109
4.5895,0.4912,0.11918,0.3131
4.5937,0.49019,0.11625,0.31529
4.5978,0.48903,0.11289,0.31759
4.602,0.48814,0.10956,0.3201
4.6062,0.48712,0.10625,0.32236
4.6103,0.48591,0.10278,0.32459
4.6145,0.48481,0.099062,0.32691
4.6187,0.4838,0.095454,0.32919
4.6228,0.48273,0.091848,0.33144
4.627,0.48168,0.087797,0.33376
4.6312,0.4805,0.08395,0.33612
4.6353,0.47956,0.080626,0.33849
4.6395,0.47855,0.077373,0.34083
4.6437,0.47855,0.077373,0.34083
4.6478,0.47611,0.070954,0.34611
4.652,0.47506,0.068845,0.34875
4.6562,0.47377,0.067781,0.35141
4.6604,0.47244,0.067397,0.35421
4.6645,0.47095,0.068129,0.35729
4.6687,0.46945,0.069378,0.36028
4.6729,0.46771,0.070191,0.36354
4.677,0.46621,0.071408,0.36681
4.6812,0.46458,0.072678,0.3702
4.6854,0.46282,0.073596,0.3735
4.6895,0.46105,0.074341,0.37679
4.6937,0.45918,0.075051,0.38007
4.6979,0.4573,0.07567,0.38331
4.702,0.45537,0.076135,0.38651
4.7062,0.45333,0.076482,0.3896
4.7104,0.45127,0.07661,0.39269
4.7145,0.44915,0.076606,0.39573
4.7187,0.44701,0.076509,0.39879
4.7229,0.44483,0.076269,0.40187
4.7271,0.44265,0.076088,0.40488
4.7312,0.44054,0.075671,0.40789
4.7354,0.4385,0.075197,0.41087
4.7396,0.43641,0.074865,0.41379
4.7437,0.43437,0.074593,0.41664
4.7479,0.43236,0.074263,0.41944
4.7521,0.43041,0.073864,0.42219
4.7562,0.42852,0.073389,0.42488
4.7604,0.42667,0.072827,0.42757
4.7646,0.42484,0.072227,0.4302
4.7687,0.42299,0.071697,0.43272
4.7729,0.42115,0.071223,0.43525
4.7771,0.41919,0.07057,0.43765
4.7812,0.41723,0.069999,0.44005
4.7854,0.41517,0.069522,0.4424
4.7896,0.41287,0.068414,0.44497
4.7938,0.41109,0.068958,0.44686
4.7979,0.40908,0.068956,0.44895
4.8021,0.4068,0.068527,0.45126
4.8063,0.40457,0.068829,0.45324
4.8104,0.40238,0.069134,0.45525
4.8146,0.40013,0.06964,0.45716
4.8188,0.39785,0.070198,0.45899
4.8229,0.39556,0.070911,0.46073
4.8271,0.39328,0.071644,0.46248
4.8313,0.39109,0.072779,0.46434
4.8354,0.38874,0.073621,0.46601
4.8396,0.38638,0.074498,0.46758
4.8438,0.38406,0.075519,0.46899
4.848,0.38155,0.075704,0.47102
4.8521,0.37905,0.075921,0.47285
4.8563,0.37665,0.076313,0.47457
4.8605,0.37425,0.076517,0.47632
4.8646,0.37184,0.076733,0.47807
4.8688,0.36946,0.076922,0.47973
4.873,0.36708,0.077102,0.48131
4.8771,0.36466,0.077123,0.48293
4.8813,0.36225,0.077189,0.48445
4.8855,0.35979,0.077289,0.48589
4.8896,0.35733,0.077331,0.48731
4.8938,0.35483,0.077436,0.48866
4.898,0.3523,0.07761,0.48996
4.9022,0.34978,0.077756,0.49126
4.9063,0.34726,0.078073,0.49243
4.9105,0.34473,0.078366,0.49365
4.9147,0.34221,0.078747,0.49479
4.9188,0.33965,0.079213,0.49589
4.923,0.3371,0.079642,0.49696
4.9272,0.33448,0.080149,0.49803
4.9313,0.33191,0.08059,0.49912
4.9355,0.32934,0.08107,0.50018
4.9397,0.32681,0.08164,0.50117
4.9438,0.32432,0.082207,0.50217
4.948,0.32188,0.082852,0.50311
4.9522,0.31943,0.083487,0.50397
4.9564,0.31706,0.084084,0.50483
4.9605,0.31462,0.084561,0.50564
4.9647,0.31205,0.084699,0.50649
4.9689,0.30976,0.085188,0.50729
4.973,0.30976,0.085188,0.50729
4.9772,0.30976,0.085188,0.50729
4.9814,0.30337,0.087324,0.50865
4.9855,0.30121,0.087795,0.50921
4.9897,0.29906,0.088264,0.50976
4.9939,0.29694,0.088722,0.51028
4.9981,0.29483,0.089072,0.51081
5.0022,0.29273,0.089551,0.51126
5.0064,0.29067,0.089944,0.51176
5.0106,0.2886,0.090273,0.51225
5.0147,0.28654,0.090631,0.51269
5.0189,0.28452,0.090978,0.51311
5.0231,0.28263,0.091486,0.51343
5.0272,0.28263,0.091486,0.51343
5.0314,0.28263,0.091486,0.51343
5.0356,0.28263,0.091486,0.51343
5.0397,0.28263,0.091486,0.51343
5.0439,0.27452,0.096172,0.51311
5.0481,0.27277,0.096647,0.51323
5.0523,0.27109,0.097112,0.51326
5.0564,0.26952,0.097651,0.51321
5.0606,0.26814,0.098373,0.51299
5.0648,0.26655,0.098523,0.51304
5.0689,0.26511,0.098843,0.51291
5.0731,0.26385,0.099239,0.51265
5.0773,0.26248,0.099282,0.51252
5.0814,0.2607,0.09839,0.51292
5.0856,0.25977,0.098862,0.51235
5.0898,0.25862,0.09883,0.51202
5.094,0.25752,0.098754,0.51167
5.0981,0.25644,0.098569,0.5113
5.1023,0.25539,0.098368,0.51091
5.1065,0.25448,0.098347,0.51038
5.1106,0.25375,0.098536,0.50966
5.1148,0.25247,0.097631,0.50967
5.119,0.25165,0.097528,0.50909
5.1231,0.25087,0.09747,0.50842
5.1273,0.25018,0.097436,0.50771
5.1315,0.24954,0.097378,0.50698
5.1357,0.24897,0.097353,0.50619
5.1398,0.24844,0.097344,0.50535
5.144,0.24798,0.097324,0.5045
5.1482,0.24756,0.097292,0.50363
5.1523,0.2472,0.097315,0.50268
5.1565,0.24691,0.097287,0.5017
5.1607,0.24664,0.097179,0.50073
5.1648,0.24645,0.097081,0.49969
5.169,0.24629,0.096921,0.49862
5.1732,0.24629,0.096894,0.49743
5.1774,0.24622,0.096585,0.49632
5.1815,0.24632,0.096454,0.49505
5.1857,0.24635,0.096009,0.49391
5.1899,0.24653,0.09575,0.49257
5.194,0.24675,0.095358,0.49125
5.1982,0.24689,0.09479,0.49003
5.2024,0.24724,0.094613,0.48846
5.2066,0.2476,0.094109,0.48712
5.2107,0.24785,0.093276,0.48594
5.2149,0.24832,0.09282,0.48448
5.2191,0.2487,0.092067,0.4832
5.2232,0.25005,0.093071,0.4807
5.2274,0.25068,0.092609,0.47916
5.2316,0.25134,0.092159,0.47762
5.2357,0.25195,0.091535,0.47619
5.2399,0.25272,0.091058,0.47463
5.2441,0.25272,0.091058,0.47463
5.2483,0.25449,0.090304,0.47124
5.2524,0.25538,0.089862,0.46953
5.2566,0.25633,0.089324,0.46785
5.2608,0.25741,0.088987,0.46602
5.2649,0.25853,0.08856,0.46419
5.2691,0.25958,0.087935,0.46244
5.2733,0.26076,0.087425,0.4606
5.2774,0.26199,0.086917,0.45869
5.2816,0.26325,0.086349,0.45678
5.2858,0.2647,0.086033,0.45469
5.29,0.26551,0.08438,0.45335
5.2941,0.26683,0.083604,0.45147
5.2983,0.26823,0.082848,0.44954
5.3025,0.26969,0.082182,0.44753
5.3066,0.27136,0.081772,0.44527
5.3108,0.27286,0.080717,0.44345
5.315,0.27442,0.079974,0.44146
5.3192,0.27607,0.079269,0.43939
5.3233,0.27771,0.078549,0.43735
5.3275,0.27941,0.077855,0.43528
5.3317,0.28115,0.077043,0.43325
5.3358,0.28293,0.076388,0.43116
5.34,0.28477,0.075818,0.42905
5.3442,0.28662,0.075249,0.42693
5.3484,0.28851,0.074697,0.42483
5.3525,0.29045,0.07438,0.42259
5.3567,0.29239,0.073658,0.42052
5.3609,0.29439,0.073231,0.41835
5.365,0.29634,0.07243,0.41632
5.3692,0.29847,0.072147,0.41407
5.3734,0.30056,0.071695,0.41187
5.3775,0.3027,0.071289,0.40967
5.3817,0.30487,0.070874,0.40745
5.3859,0.30707,0.070551,0.40522
5.3901,0.3093,0.070262,0.40303
5.3942,0.31156,0.069959,0.40082
5.3984,0.31381,0.069655,0.39859
5.4026,0.31623,0.069526,0.39631
5.4067,0.31849,0.069178,0.39416
5.4109,0.32081,0.068869,0.39196
5.4151,0.32313,0.068521,0.38979
5.4193,0.32545,0.068187,0.38765
5.4234,0.32787,0.06806,0.38542
5.4276,0.33025,0.067844,0.38325
5.4318,0.3327,0.067776,0.38101
5.4359,0.33512,0.067505,0.37885
5.4401,0.33766,0.068102,0.37642
5.4443,0.34003,0.067301,0.37448
5.4485,0.34263,0.067975,0.37205
5.4526,0.34522,0.067994,0.3698
5.4568,0.34775,0.068035,0.36757
5.461,0.35038,0.068084,0.36537
5.4651,0.35286,0.067979,0.36327
5.4693,0.35547,0.068012,0.36108
5.4735,0.358,0.06794,0.35897
5.4777,0.36055,0.06786,0.35682
5.4818,0.36314,0.067891,0.35472
5.486,0.36569,0.067884,0.3527
5.4902,0.36825,0.067713,0.35055
5.4943,0.37095,0.067951,0.3485
5.4985,0.37349,0.067688,0.34637
5.5027,0.37616,0.067826,0.34434
5.5069,0.37881,0.067906,0.34231
5.511,0.38136,0.067911,0.34035
5.5152,0.38388,0.067924,0.3383
5.5194,0.38667,0.068246,0.33628
5.5235,0.38927,0.068315,0.33437
5.5277,0.39186,0.06846,0.33245
5.5319,0.39466,0.06888,0.33056
5.536,0.39726,0.069016,0.3287
5.5402,0.39988,0.069375,0.3268
5.5444,0.4024,0.069559,0.32494
5.5486,0.40504,0.069927,0.32308
5.5527,0.40756,0.070232,0.32125
5.5569,0.41024,0.070629,0.31956
5.5611,0.41277,0.070931,0.31795
5.5652,0.41529,0.071294,0.31627
5.5694,0.41786,0.071725,0.31464
5.5736,0.42057,0.072135,0.31285
5.5778,0.42316,0.072588,0.31126
5.5819,0.42572,0.073037,0.3097
5.5861,0.42827,0.07348,0.30818
5.5903,0.43083,0.073971,0.30669
5.5945,0.43336,0.074457,0.30522
5.5986,0.43591,0.075025,0.30384
5.6028,0.4384,0.075515,0.30242
5.607,0.44089,0.076071,0.30106
5.6111,0.44339,0.076697,0.2998
5.6153,0.44581,0.07719,0.29847
5.6195,0.44828,0.077922,0.29729
5.6237,0.45065,0.078403,0.29604
5.6278,0.45304,0.079047,0.2949
5.632,0.45539,0.079657,0.29378
5.6362,0.45772,0.080313,0.29271
5.6403,0.46001,0.080932,0.29165
5.6445,0.46226,0.081433,0.29055
5.6487,0.46454,0.082078,0.28956
5.6529,0.46679,0.08271,0.28861
5.657,0.46914,0.083507,0.2877
5.6612,0.47126,0.084003,0.28686
5.6654,0.47355,0.084779,0.28596
5.6695,0.47565,0.085298,0.28519
5.6737,0.47795,0.085836,0.28428
5.6779,0.48019,0.086416,0.2834
5.6821,0.48238,0.086993,0.28257
5.6862,0.48459,0.087624,0.28176
5.6904,0.48665,0.08812,0.28099
5.6946,0.48876,0.088682,0.28025
5.6987,0.49092,0.089268,0.27951
5.7029,0.49296,0.089811,0.27884
5.7071,0.4951,0.090584,0.27828
5.7113,0.4972,0.09117,0.27778
5.7154,0.49906,0.091583,0.2772
5.7196,0.50091,0.092073,0.2767
5.7238,0.50272,0.092536,0.27624
5.7279,0.50449,0.093001,0.27581
5.7321,0.50622,0.09345,0.27544
5.7363,0.50794,0.093898,0.2751
5.7405,0.50959,0.094312,0.27479
5.7446,0.5112,0.094726,0.27454
5.7488,0.51278,0.095091,0.27433
5.753,0.51431,0.095468,0.27413
5.7572,0.51577,0.095818,0.27401
5.7613,0.51722,0.096158,0.27393
5.7655,0.5186,0.096469,0.27389
5.7697,0.51993,0.096785,0.27391
5.7738,0.52124,0.097078,0.27398
5.778,0.52249,0.097366,0.27408
5.7822,0.52369,0.097613,0.27424
5.7864,0.52485,0.097872,0.27444
5.7905,0.52597,0.098092,0.27468
5.7947,0.52705,0.09833,0.27497
5.7989,0.52807,0.098513,0.27532
5.803,0.52919,0.098832,0.27574
5.8072,0.5301,0.099048,0.27618
5.8114,0.53098,0.099129,0.27663
5.8156,0.53183,0.099119,0.27717
5.8197,0.53261,0.099249,0.2777
5.8239,0.53343,0.099276,0.27833
5.8281,0.53419,0.099477,0.27897
5.8323,0.53485,0.099453,0.27967
5.8364,0.53548,0.099313,0.2804
5.8406,0.53606,0.099403,0.28115
5.8448,0.53659,0.099342,0.28196
5.8489,0.53708,0.099044,0.28286
5.8531,0.53754,0.099019,0.28373
5.8573,0.53795,0.098879,0.28469
5.8615,0.53831,0.098742,0.28567
5.8656,0.53859,0.098541,0.28671
5.8698,0.53884,0.098346,0.28777
5.874,0.53907,0.098148,0.28889
5.8781,0.53922,0.097956,0.29002
5.8823,0.53933,0.097763,0.2912
5.8865,0.53943,0.097547,0.29243
5.8907,0.53946,0.097289,0.2937
5.8948,0.53947,0.096943,0.29504
5.899,0.53944,0.096721,0.29635
5.9032,0.53936,0.096164,0.29785
5.9074,0.53925,0.095462,0.29937
5.9115,0.53909,0.095127,0.30084
5.9157,0.53889,0.094968,0.30221
5.9199,0.53863,0.094299,0.30385
5.924,0.53833,0.094148,0.30528
5.9282,0.53801,0.093705,0.30689
5.9324,0.53761,0.093008,0.30865
5.9366,0.53717,0.092605,0.31028
5.9407,0.53666,0.092476,0.31203
5.9449,0.53614,0.091976,0.31373
5.9491,0.53559,0.091383,0.31553
5.9533,0.53499,0.090828,0.31734
5.9574,0.53433,0.09034,0.31911
5.9616,0.53364,0.08979,0.32095
5.9658,0.5329,0.089144,0.32293
5.9699,0.53213,0.088661,0.32482
5.9741,0.5313,0.088105,0.32678
5.9783,0.53045,0.087543,0.32878
5.9825,0.52956,0.087051,0.33075
5.9866,0.52863,0.086416,0.3328
5.9908,0.52764,0.085908,0.33484
5.995,0.52661,0.085326,0.33694
5.9992,0.52555,0.084752,0.33904
6.0033,0.52443,0.084211,0.34114
6.0075,0.52327,0.083632,0.3433
6.0117,0.52206,0.083091,0.34546
6.0158,0.52083,0.082531,0.34766
6.02,0.51957,0.081974,0.34985
6.0242,0.51826,0.081463,0.35207
6.0284,0.51688,0.080917,0.35432
6.0325,0.5155,0.080373,0.3566
6.0367,0.51404,0.07987,0.35886
6.0409,0.51258,0.079372,0.36115
6.0451,0.51102,0.079027,0.36344
6.0492,0.50948,0.078453,0.36576
6.0534,0.50786,0.077936,0.3681
6.0576,0.50624,0.077478,0.37045
6.0618,0.50458,0.077034,0.37279
6.0659,0.50283,0.076556,0.37518
6.0701,0.5011,0.076125,0.37757
6.0743,0.49931,0.075686,0.37994
6.0784,0.49748,0.075229,0.38232
6.0826,0.49561,0.074794,0.38471
6.0868,0.49373,0.074419,0.38709
6.091,0.49183,0.074071,0.38947
6.0951,0.48986,0.07372,0.39188
6.0993,0.48774,0.073093,0.39437
6.1035,0.48569,0.072667,0.39677
6.1077,0.48363,0.07233,0.39917
6.1118,0.48153,0.071974,0.40154
6.116,0.47929,0.071317,0.40385
6.1202,0.47711,0.07083,0.40628
6.1243,0.47491,0.070547,0.40867
6.1285,0.47271,0.070284,0.41104
6.1327,0.47047,0.070058,0.41339
6.1369,0.46819,0.069821,0.41575
6.141,0.4659,0.069635,0.41809
6.1452,0.4636,0.069473,0.42042
6.1494,0.46126,0.069344,0.42274
6.1536,0.45886,0.069359,0.42515
6.1577,0.45645,0.069221,0.42744
6.1619,0.45402,0.069076,0.42972
6.1661,0.45157,0.068984,0.43198
6.1703,0.44896,0.068574,0.43426
6.1744,0.44645,0.068538,0.43647
6.1786,0.44394,0.068511,0.43868
6.1828,0.44143,0.068504,0.44088
6.187,0.4389,0.068557,0.44303
6.1911,0.43635,0.068634,0.44515
6.1953,0.43377,0.068709,0.44725
6.1995,0.43117,0.068934,0.44925
6.2036,0.42858,0.069082,0.45127
6.2078,0.42597,0.069217,0.45328
6.212,0.42333,0.069402,0.45522
6.2162,0.42069,0.069581,0.45718
6.2203,0.41805,0.069745,0.45912
6.2245,0.41539,0.069898,0.46102
6.2287,0.41274,0.070203,0.46287
6.2329,0.41007,0.070437,0.46468
6.237,0.40743,0.070767,0.46639
6.2412,0.40469,0.070842,0.46832
6.2454,0.40201,0.071081,0.47006
6.2496,0.39934,0.07144,0.47168
6.2537,0.39666,0.071506,0.47352
6.2579,0.39404,0.071965,0.47508
6.2621,0.39137,0.072281,0.47669
6.2662,0.38871,0.07254,0.47828
6.2704,0.38605,0.072808,0.47985
6.2746,0.38338,0.073144,0.48133
6.2788,0.38074,0.073456,0.4828
6.2829,0.37811,0.073817,0.48425
6.2871,0.37547,0.074165,0.48563
6.2913,0.37288,0.074553,0.48696
6.2955,0.37029,0.074972,0.48825
6.2996,0.3677,0.07541,0.48948
6.3038,0.36514,0.075841,0.49068
6.308,0.36261,0.076265,0.49186
6.3122,0.36009,0.076698,0.49298
6.3163,0.35759,0.07717,0.49404
6.3205,0.35512,0.077674,0.49504
6.3247,0.35269,0.078246,0.49596
6.3289,0.35028,0.07873,0.49689
6.333,0.3479,0.079244,0.49776
6.3372,0.3479,0.079244,0.49776
6.3414,0.3479,0.079244,0.49776
6.3456,0.3479,0.079244,0.49776
6.3497,0.3479,0.079244,0.49776
6.3539,0.3479,0.079244,0.49776
6.3581,0.3479,0.079244,0.49776
6.3622,0.3479,0.079244,0.49776
6.3664,0.3479,0.079244,0.49776
6.3706,0.3479,0.079244,0.49776
6.3748,0.3479,0.079244,0.49776
6.3789,0.3479,0.079244,0.49776
6.3831,0.3479,0.079244,0.49776
6.3873,0.3479,0.079244,0.49776
6.3915,0.3479,0.079244,0.49776
6.3956,0.3479,0.079244,0.49776
6.3998,0.31104,0.083981,0.5077
6.404,0.30904,0.084342,0.50786
6.4082,0.30709,0.084715,0.50797
6.4123,0.30517,0.085097,0.50803
6.4165,0.30327,0.085448,0.50812
6.4207,0.30141,0.085785,0.50811
6.4249,0.30141,0.085785,0.50811
6.429,0.30141,0.085785,0.50811
6.4332,0.30141,0.085785,0.50811
6.4374,0.30141,0.085785,0.50811
6.4416,0.30141,0.085785,0.50811
6.4457,0.30141,0.085785,0.50811
6.4499,0.30141,0.085785,0.50811
6.4541,0.28811,0.088856,0.50563
6.4583,0.2866,0.089064,0.50528
6.4624,0.28514,0.089321,0.50485
6.4666,0.28373,0.089543,0.50439
6.4708,0.28234,0.089711,0.5039
6.475,0.281,0.089898,0.50334
6.4791,0.27971,0.09009,0.50274
6.4833,0.27843,0.090262,0.5021
6.4875,0.27719,0.090354,0.50145
6.4917,0.276,0.090472,0.50075
6.4958,0.27483,0.090594,0.50001
6.5,0.27369,0.090654,0.49924
6.5042,0.2726,0.090668,0.49847
6.5083,0.27155,0.090728,0.49761
6.5125,0.27054,0.09075,0.49673
6.5167,0.26955,0.0907,0.49583
6.5209,0.26863,0.090721,0.49486
6.525,0.26775,0.090659,0.49387
6.5292,0.26692,0.090598,0.49284
6.5334,0.26614,0.090519,0.49177
6.5376,0.26541,0.090473,0.49064
6.5417,0.26475,0.090587,0.48933
6.5459,0.26411,0.090368,0.48824
6.5501,0.26348,0.090169,0.48708
6.5543,0.26289,0.089907,0.4859
6.5584,0.26236,0.089745,0.48462
6.5626,0.26195,0.089635,0.48325
6.5668,0.2615,0.089451,0.48194
6.571,0.26118,0.089297,0.4805
6.5751,0.26075,0.088819,0.47924
6.5793,0.2604,0.08849,0.47789
6.5835,0.26018,0.08823,0.47637
6.5877,0.25992,0.087821,0.47507
6.5918,0.25984,0.087715,0.47342
6.596,0.26037,0.08869,0.47117
6.6002,0.26021,0.088106,0.46969
6.6044,0.26025,0.087995,0.46795
6.6085,0.26031,0.087722,0.46627
6.6127,0.26041,0.087454,0.46458
6.6169,0.26056,0.087147,0.4629
6.6211,0.26081,0.087084,0.46094
6.6252,0.26104,0.086633,0.45929
6.6294,0.26122,0.086022,0.45775
6.6336,0.2615,0.085575,0.45604
6.6378,0.26184,0.085184,0.45423
6.6419,0.26209,0.084403,0.45258
6.6461,0.26254,0.084007,0.45075
6.6503,0.26301,0.083543,0.44892
6.6545,0.26352,0.083062,0.4471
6.6586,0.26409,0.082568,0.44524
6.6628,0.26472,0.082157,0.44333
6.667,0.26539,0.081716,0.44141
6.6712,0.2661,0.081269,0.43948
6.6753,0.26691,0.080921,0.4375
6.6795,0.26763,0.080338,0.43559
6.6837,0.26848,0.079916,0.43361
6.6879,0.26935,0.079489,0.4316
6.692,0.27039,0.078913,0.42965
6.6962,0.27141,0.078567,0.42759
6.7004,0.27268,0.078329,0.42545
6.7046,0.27377,0.077847,0.42344
6.7087,0.27505,0.077675,0.42117
6.7129,0.2762,0.077139,0.41917
6.7171,0.27746,0.076788,0.41707
6.7213,0.27872,0.076374,0.41499
6.7254,0.28014,0.07628,0.41274
6.7296,0.28148,0.075909,0.41069
6.7338,0.28291,0.075478,0.40851
6.738,0.28434,0.075135,0.40641
6.7421,0.2858,0.074724,0.40431
6.7463,0.28732,0.074369,0.4022
6.7505,0.28888,0.074048,0.4001
6.7547,0.29047,0.073702,0.39798
6.7588,0.29224,0.073496,0.39582
6.763,0.29379,0.073085,0.39376
6.7672,0.29564,0.07286,0.39161
6.7714,0.29737,0.0725,0.38953
6.7755,0.29916,0.072209,0.38744
6.7797,0.30092,0.071856,0.38538
6.7839,0.30275,0.071515,0.38334
6.7881,0.30463,0.071226,0.38129
6.7922,0.30666,0.070988,0.37909
6.7964,0.30863,0.070765,0.37705
6.8006,0.31063,0.070538,0.37501
6.8048,0.31265,0.070277,0.37297
6.8089,0.3147,0.070095,0.37094
6.8131,0.31678,0.069905,0.3689
6.8173,0.31887,0.06966,0.36689
6.8215,0.32103,0.069484,0.36489
6.8257,0.32315,0.069246,0.36291
6.8298,0.32533,0.069064,0.36096
6.834,0.32755,0.0689,0.35902
6.8382,0.32981,0.068857,0.35705
6.8424,0.33204,0.068638,0.35516
6.8465,0.33431,0.068479,0.35325
6.8507,0.33661,0.068373,0.35138
6.8549,0.33897,0.068567,0.34943
6.8591,0.34133,0.068506,0.34758
6.8632,0.34375,0.068536,0.34579
6.8674,0.34617,0.06838,0.34395
6.8716,0.34856,0.068165,0.34211
6.8758,0.35104,0.068404,0.34017
6.8799,0.35352,0.068441,0.33844
6.8841,0.3561,0.068622,0.33664
6.8883,0.35856,0.068639,0.33496
6.8925,0.36104,0.068675,0.33329
6.8966,0.36355,0.068695,0.33166
6.9008,0.36606,0.068772,0.33003
6.905,0.36859,0.068843,0.32843
6.9092,0.3712,0.068901,0.32688
6.9133,0.37372,0.0691,0.32534
6.9175,0.37625,0.069256,0.32385
6.9217,0.3788,0.069386,0.32237
6.9259,0.38132,0.069519,0.32092
6.93,0.38395,0.069785,0.31947
6.9342,0.38654,0.069963,0.31809
6.9384,0.38915,0.070092,0.31679
6.9426,0.39174,0.070332,0.31546
6.9467,0.39434,0.070587,0.3142
6.9509,0.39689,0.07083,0.313
6.9551,0.39947,0.070976,0.31173
6.9593,0.40209,0.071281,0.31054
6.9635,0.40481,0.07169,0.30938
6.9676,0.40741,0.071942,0.30827
6.9718,0.4101,0.072261,0.3072
6.976,0.41265,0.072655,0.30617
6.9802,0.41518,0.072963,0.30519
6.9843,0.41776,0.073314,0.30423
6.9885,0.42033,0.073575,0.30321
6.9927,0.42292,0.073905,0.3023
6.9969,0.42548,0.074249,0.30144
7.001,0.42803,0.0746,0.30061
7.0052,0.43058,0.074956,0.29981
7.0094,0.4331,0.075319,0.29907
7.0136,0.4356,0.07562,0.29834
7.0177,0.43813,0.076015,0.29767
7.0219,0.44063,0.076399,0.29704
7.0261,0.4431,0.076774,0.29644
7.0303,0.44555,0.077114,0.29588
7.0344,0.44797,0.077488,0.29535
7.0386,0.45039,0.07788,0.29487
7.0428,0.45282,0.078298,0.29444
7.047,0.4552,0.078646,0.29404
7.0512,0.45756,0.079028,0.29368
7.0553,0.45991,0.079415,0.29335
7.0595,0.46225,0.079794,0.29306
7.0637,0.46454,0.080154,0.29281
7.0679,0.46693,0.08066,0.29259
7.072,0.46912,0.080929,0.29243
7.0762,0.47131,0.081252,0.2923
7.0804,0.4735,0.08163,0.29221
7.0846,0.47568,0.081999,0.29217
7.0887,0.47782,0.082387,0.29216
7.0929,0.47994,0.082742,0.29219
7.0971,0.48202,0.083094,0.29226
7.1013,0.48407,0.083475,0.29237
7.1054,0.4861,0.083854,0.29252
7.1096,0.48817,0.084291,0.2927
7.1138,0.49008,0.08457,0.29292
7.118,0.49199,0.084891,0.29319
7.1221,0.49388,0.085248,0.29349
7.1263,0.49574,0.085581,0.29383
7.1305,0.49757,0.085909,0.29422
7.1347,0.49936,0.086221,0.29463
7.1389,0.5011,0.086517,0.29507
7.143,0.50281,0.086815,0.29557
7.1472,0.50448,0.087091,0.29607
7.1514,0.50612,0.08738,0.29664
7.1556,0.50771,0.087617,0.29723
7.1597,0.50928,0.087849,0.29786
7.1639,0.5108,0.088089,0.29852
7.1681,0.51229,0.088328,0.29921
7.1723,0.51372,0.088545,0.29994
7.1764,0.5151,0.088722,0.30071
7.1806,0.51647,0.088898,0.30149
7.1848,0.51779,0.089065,0.30232
7.189,0.51905,0.089224,0.30317
7.1932,0.5203,0.08935,0.30408
7.1973,0.52151,0.089465,0.305
7.2015,0.52266,0.089571,0.30595
7.2057,0.52378,0.08964,0.30694
7.2099,0.52485,0.089703,0.30796
7.214,0.52586,0.089747,0.309
7.2182,0.52686,0.089786,0.31006
7.2224,0.52781,0.089802,0.31111
7.2266,0.52869,0.089723,0.3123
7.2307,0.52954,0.089675,0.31347
7.2349,0.53036,0.089665,0.31466
7.2391,0.53113,0.089617,0.31589
7.2433,0.53187,0.089543,0.31711
7.2475,0.53256,0.089471,0.31838
7.2516,0.5332,0.089378,0.31965
7.2558,0.53377,0.089249,0.32097
7.26,0.5343,0.089114,0.32231
7.2642,0.53475,0.088758,0.32357
7.2683,0.53518,0.088606,0.32497
7.2725,0.5355,0.088511,0.32638
7.2767,0.53591,0.088343,0.32777
7.2809,0.53621,0.08818,0.32925
7.285,0.53646,0.087965,0.33074
7.2892,0.53661,0.087685,0.33224
7.2934,0.53679,0.087463,0.33376
7.2976,0.53691,0.087234,0.33532
7.3018,0.53699,0.087002,0.33691
7.3059,0.53701,0.086757,0.3385
7.3101,0.537,0.086523,0.3401
7.3143,0.53695,0.08628,0.34172
7.3185,0.53684,0.086029,0.34338
7.3226,0.53669,0.085804,0.34504
7.3268,0.5365,0.08558,0.3467
7.331,0.53625,0.085413,0.34837
7.3352,0.53596,0.084938,0.35015
7.3393,0.53568,0.08472,0.35184
7.3435,0.53525,0.084419,0.3536
7.3477,0.53476,0.084105,0.35539
7.3519,0.53429,0.083834,0.35717
7.3561,0.5338,0.083562,0.35893
7.3602,0.53322,0.083268,0.36074
7.3644,0.53257,0.083144,0.36255
7.3686,0.53192,0.082838,0.36438
7.3728,0.53126,0.082478,0.36615
7.3769,0.53051,0.082113,0.36799
7.3811,0.52974,0.081837,0.36983
7.3853,0.52893,0.081551,0.37166
7.3895,0.52805,0.081256,0.37353
7.3937,0.52714,0.080953,0.3754
7.3978,0.5262,0.080518,0.37724
7.402,0.52517,0.080383,0.37915
7.4062,0.52415,0.080098,0.38104
7.4104,0.52307,0.079808,0.38292
7.4145,0.52197,0.079512,0.38481
7.4187,0.5208,0.079184,0.38676
7.4229,0.51962,0.078939,0.38867
7.4271,0.51846,0.078276,0.39051
7.4312,0.51715,0.078362,0.39245
7.4354,0.51586,0.078044,0.39431
7.4396,0.51452,0.07776,0.39621
7.4438,0.51314,0.077425,0.39812
7.448,0.51172,0.077156,0.40002
7.4521,0.51027,0.076848,0.40191
7.4563,0.50878,0.076535,0.4038
7.4605,0.50725,0.07626,0.4057
7.4647,0.50571,0.075929,0.40756
7.4688,0.50412,0.075646,0.40946
7.473,0.5025,0.075361,0.41132
7.4772,0.50083,0.075067,0.41323
7.4814,0.49914,0.074844,0.41506
7.4856,0.49743,0.074556,0.41692
7.4897,0.49566,0.074283,0.41877
7.4939,0.49389,0.073998,0.42058
7.4981,0.49207,0.073769,0.42241
7.5023,0.49023,0.073537,0.42422
7.5064,0.48838,0.073293,0.42603
7.5106,0.48649,0.073072,0.42782
7.5148,0.48458,0.072857,0.42959
7.519,0.48264,0.07265,0.43134
7.5232,0.48066,0.072436,0.43308
7.5273,0.47866,0.072218,0.43483
7.5315,0.47665,0.072025,0.43655
7.5357,0.47461,0.071861,0.43825
7.5399,0.47256,0.071723,0.43992
7.544,0.47048,0.071602,0.44157
7.5482,0.46836,0.071449,0.44322
7.5524,0.46625,0.071325,0.44484
7.5566,0.4641,0.071224,0.44645
7.5608,0.46194,0.071145,0.44802
7.5649,0.45977,0.071055,0.44957
7.5691,0.45757,0.070972,0.4511
7.5733,0.45537,0.070984,0.45258
7.5775,0.45315,0.070968,0.45406
7.5816,0.45091,0.070898,0.45552
7.5858,0.44866,0.070886,0.45695
7.59,0.44641,0.070932,0.45836
7.5942,0.44413,0.070854,0.45977
7.5984,0.44185,0.070853,0.46112
7.6025,0.43957,0.071465,0.4622
7.6067,0.43726,0.071562,0.46347
7.6109,0.43498,0.071638,0.4647
7.6151,0.43265,0.071756,0.46588
7.6192,0.43035,0.071941,0.46705
7.6234,0.42807,0.071995,0.46822
7.6276,0.42574,0.072013,0.4694
7.6318,0.4234,0.072147,0.47052
7.636,0.42104,0.072256,0.4716
7.6401,0.42104,0.072256,0.4716
7.6443,0.42104,0.072256,0.4716
7.6485,0.42104,0.072256,0.4716
7.6527,0.42104,0.072256,0.4716
7.6569,0.42104,0.072256,0.4716
7.661,0.42104,0.072256,0.4716
7.6652,0.42104,0.072256,0.4716
7.6694,0.42104,0.072256,0.4716
7.6736,0.42104,0.072256,0.4716
7.6777,0.42104,0.072256,0.4716
7.6819,0.42104,0.072256,0.4716
7.6861,0.42104,0.072256,0.4716
7.6903,0.42104,0.072256,0.4716
7.6945,0.42104,0.072256,0.4716
7.6986,0.42104,0.072256,0.4716
7.7028,0.42104,0.072256,0.4716
7.707,0.42104,0.072256,0.4716
7.7112,0.42104,0.072256,0.4716
7.7153,0.42104,0.072256,0.4716
7.7195,0.42104,0.072256,0.4716
7.7237,0.42104,0.072256,0.4716
7.7279,0.42104,0.072256,0.4716
7.7321,0.42104,0.072256,0.4716
7.7362,0.42104,0.072256,0.4716
7.7404,0.42104,0.072256,0.4716
7.7446,0.42104,0.072256,0.4716
7.7488,0.42104,0.072256,0.4716
7.753,0.42104,0.072256,0.4716
7.7571,0.42104,0.072256,0.4716
7.7613,0.42104,0.072256,0.4716
7.7655,0.42104,0.072256,0.4716
7.7697,0.42104,0.072256,0.4716
7.7738,0.34593,0.077646,0.48928
7.778,0.34389,0.077935,0.48915
7.7822,0.34167,0.077883,0.48903
7.7864,0.33967,0.078217,0.48881
7.7906,0.33762,0.078368,0.48859
7.7947,0.33568,0.078611,0.48832
7.7989,0.33362,0.07863,0.48804
7.8031,0.33163,0.078727,0.48775
7.8073,0.32976,0.078939,0.48737
7.8115,0.32744,0.078347,0.48719
7.8156,0.3255,0.078405,0.48677
7.8198,0.32367,0.078621,0.48628
7.824,0.32187,0.07881,0.48577
7.8282,0.32001,0.078929,0.48523
7.8323,0.31825,0.079139,0.48463
7.8365,0.31645,0.079228,0.48404
7.8407,0.31474,0.079455,0.48337
7.8449,0.313,0.079566,0.4827
7.8491,0.31138,0.079811,0.48195
7.8532,0.30971,0.079914,0.48121
7.8574,0.30807,0.080045,0.48043
7.8616,0.30649,0.080168,0.47962
7.8658,0.30494,0.080283,0.47876
7.87,0.30343,0.080467,0.47784
7.8741,0.30189,0.080458,0.47699
7.8783,0.30044,0.08056,0.47604
7.8825,0.29906,0.080824,0.47492
7.8867,0.29766,0.080752,0.47403
7.8909,0.29624,0.080677,0.47309
7.895,0.29492,0.080757,0.47204
7.8992,0.29362,0.080795,0.47098
7.9034,0.29235,0.08085,0.46989
7.9076,0.29112,0.080891,0.46878
7.9117,0.28989,0.080859,0.46767
7.9159,0.28891,0.081295,0.46641
7.9201,0.28779,0.081345,0.46522
7.9243,0.28651,0.080948,0.46416
7.9285,0.28547,0.08096,0.46294
7.9326,0.28478,0.081636,0.46143
7.9368,0.28381,0.081681,0.46013
7.941,0.28289,0.081691,0.45884
7.9452,0.28209,0.081854,0.45744
7.9494,0.28113,0.081627,0.4562
7.9535,0.28031,0.08159,0.45482
7.9577,0.27959,0.081237,0.45357
7.9619,0.27882,0.081069,0.45225
7.9661,0.27826,0.081355,0.45054
7.9703,0.27756,0.081612,0.44899
7.9744,0.27696,0.081529,0.44755
7.9786,0.27636,0.081373,0.44617
7.9828,0.27585,0.081303,0.4447
7.987,0.27541,0.081146,0.44326
7.9912,0.27493,0.080926,0.44186
7.9953,0.2746,0.080954,0.44026
7.9995,0.27423,0.080758,0.43877
8.0037,0.27401,0.080715,0.43718
8.0079,0.27381,0.080737,0.4353
8.012,0.27362,0.080591,0.43368
8.0162,0.27348,0.0805,0.43208
8.0204,0.27335,0.080325,0.43052
8.0246,0.2733,0.080012,0.42898
8.0288,0.27341,0.080204,0.42707
8.0329,0.27346,0.079988,0.42549
8.0371,0.27355,0.079809,0.42389
8.0413,0.2737,0.079651,0.42226
8.0455,0.27389,0.079474,0.4206
8.0497,0.27406,0.079172,0.419
8.0538,0.27429,0.078878,0.41737
8.058,0.27467,0.078834,0.41562
8.0622,0.27504,0.078656,0.41393
8.0664,0.27545,0.078202,0.41233
8.0706,0.27591,0.077977,0.41065
8.0747,0.27643,0.077788,0.40893
8.0789,0.27698,0.077584,0.40723
8.0831,0.27754,0.077417,0.40561
8.0873,0.27829,0.077195,0.40378
8.0915,0.27897,0.076946,0.40208
8.0956,0.27974,0.076777,0.40036
8.0998,0.28052,0.076571,0.39865
8.104,0.28134,0.076327,0.39693
8.1082,0.28222,0.076083,0.39523
8.1124,0.28314,0.075864,0.39351
8.1165,0.2841,0.075634,0.39181
8.1207,0.28511,0.075407,0.39011
8.1249,0.28616,0.075156,0.38841
8.1291,0.28726,0.074934,0.38672
8.1333,0.28837,0.074695,0.38502
8.1374,0.28955,0.074474,0.38334
8.1416,0.29076,0.074251,0.38168
8.1458,0.29201,0.074019,0.38001
8.15,0.29331,0.073797,0.37836
8.1542,0.29466,0.0736,0.37673
8.1583,0.29602,0.073359,0.37508
8.1625,0.29744,0.073199,0.37345
8.1667,0.29887,0.072919,0.37185
8.1709,0.30035,0.072686,0.37027
8.1751,0.30202,0.073005,0.36849
8.1792,0.30358,0.072775,0.36692
8.1834,0.3052,0.072635,0.36534
8.1876,0.30684,0.07245,0.36378
8.1918,0.30854,0.072283,0.36218
8.196,0.31024,0.072112,0.36065
8.2001,0.31199,0.07196,0.35913
8.2043,0.31376,0.071829,0.35764
8.2085,0.31555,0.071659,0.35616
8.2127,0.31739,0.071531,0.35467
8.2169,0.31925,0.071375,0.35322
8.221,0.32117,0.071265,0.35177
8.2252,0.32309,0.071144,0.35034
8.2294,0.32508,0.07109,0.34895
8.2336,0.32706,0.070966,0.34756
8.2378,0.32906,0.07091,0.34621
8.2419,0.33111,0.070931,0.34487
8.2461,0.33315,0.07045,0.34354
8.2503,0.33525,0.070425,0.34226
8.2545,0.3373,0.070075,0.34089
8.2587,0.33947,0.070041,0.33961
8.2628,0.34172,0.070069,0.33831
8.267,0.34393,0.069951,0.33707
8.2712,0.34607,0.069796,0.33589
8.2754,0.34828,0.06971,0.3347
8.2796,0.3505,0.069585,0.33354
8.2837,0.35277,0.069581,0.3324
8.2879,0.35504,0.069505,0.33131
8.2921,0.35733,0.069467,0.33023
8.2963,0.3596,0.069395,0.32919
8.3005,0.3619,0.069337,0.32815
8.3046,0.36423,0.069327,0.32714
8.3088,0.36657,0.069296,0.32616
8.313,0.36891,0.069279,0.32521
8.3172,0.37133,0.069247,0.32432
8.3214,0.37367,0.06931,0.32342
8.3255,0.37604,0.069381,0.32256
8.3297,0.37842,0.069388,0.32171
